siteName,contents
돗거미,"황금거미
"
할망,할머니
하르방,할아버지
초싱,정말. 의심할 때 행여나 될까 하고 추측하는 뜻을 나타내는 말
초마,초마-고라=초마-고라. 아니원
고라,고라=도려. 더러
옵서,오다
예게,예예. '예'를 강조하는 경우
에게,이끼. 생각하는 바와 달랐을 때 이거 머냐는 뜻을 나타내는 말
어이," 여보게, 여봐라"
양²,예. 윗 사람에게 묻는 경우
애개,모자라다고 생각할 때 나오는 소리
아이구기여,아이고 아프다'의 뜻을 나타내는 말
무사,왜
메,#NAME?
날봅서,여보시오
기여," 오냐, 그래"
그거무사,아뿔싸
겔쎄,글쎄
게메,게메서란=게메선. 그러기에. 과연 그렇다는 뜻을 나타내는 말
게¹,겐. 그래. 해라 할 자리에 그렇다는 뜻을 나타내는 말
큰말젯 상제,다섯 중 셋째 상제
큰말젯 사위,다섯 중 셋째 사위
큰말젯,다섯 중 셋째의 인륜 관계
족은말젯 상제,다섯 중 넷째 상제
족은말젯 사위,다섯 중 넷째 사위
족은말젯,다섯 중 넷째의 인륜 관계
셍 거,날 것
셋 똘,가운데 딸
셋 아방,중부
셋 성,가운데 형
셋 동셍,가운데 동생
셋 누이,가운데 누님
셋 놈,가운데 놈
셋 년,가운데 딸
셋," 샛, 가운데"
세양," 수양, 쇵
"
새 쏠,햇 쌀
새 서방,신랑
새 곡석,햇 곡식
새 각시,신부
새,햇
무신,뭔. 무슨
멧,몇
말젯 똘,셋째 딸
말젯 집,셋째 집
말젯 아덜,셋째 아들
말젯삼춘,셋째 삼촌
말젯,넷 중 셋째의 인류 관계
막동이,막내동이
막 일,마지막 일
다슴,다심. 어붓. 의리로 맺어진 인륜 관계
놀 땅,맨 땅
놀 거,날 것
놀,셍. 날
노단 손,오른 손
노단,오른쪽
늬,네
곤 죽,쌀 죽
홍상,항상
홈치,①함께 ②애당초
홈부로,함부로
혼참,한참
혼저,어서
혼디," 한데, 함께"
히지부지,흐지부지
히어뜩이,정신이 어지럽게
히뜩²,쓰러지는 꼴
히뜨거니,히뜩. 새벽 하늘이 부옇게 밝아가는 꼴
흥창망창,흥청망청
곤 쏠,쌀
곤 밥," 흰 밥, 쌀 밥"
곤,고운
흔들만들,곤드래만드래.
하영,많이.
펜두룽이," 펜주룽이=펜드렁이<핀두룽이. 시치미 떼고 그대로 있는 꼴, 겁내지 않고 태연한 꼴."
페삭페삭,바삭바삭.
페삭,바삭.
팰롱팰롱,펠롱펠롱. 빤짝빤짝.
촐라리,차라리.
천성,언제나.
좃좃이,매우 자세히.
좀질이," 잘게, 가늘게."
조주,자주.
조세히," 좀상히. 꼼꼼히, 자세히."
조못,자못.
조근조근," 초근초근. 차곡차곡, 차근차근."
짓,마구.
진직,진작.
죽게,죽도록.
졸바로,올바르게
족족," 조끔조끔, 조금씩."
조고마니,자그마니.
제나,제발.
잇당," 있다가, 이따금."
이초록,이처럼.
이칙," 인칙, 일찍, 아까."
이시커니," 이식이, 한참동안."
이레저레,이리저리.
이디저디,여기저기.
으레," 의례히, 말할 것 없이."
원체," 본디, 원래."
와싹,햇볕이 강하게 쬐는 꼴
오고생이,고스란히
영판,아주
영정,이영저영. 이리저리
영낙읏이,틀림없이
영," 이영. 이리, 이렇게"
역부로,역불. 일부러
어잉간이," 엥간이=어지간이=어징간이. 어연간히, 대강, 괜찮게"
어숙어숙,주저주저
어서라," 어서, 얼른"
어물쭈물,어물어물
어뜩호민,호쏠호민. 건뜻하면
어떵,어떻게
어떠난,어째서
어그레," 얼른, 지체 없이"
아명,아미영. 아무렇게
아며도," 아명해도=아미영해도. 암만해도, 아무렇게 해도"
아며나," 아명이나=아미영이나. 아무러나, 아무렇게나"
솔짝,솔짹이. 살짝
소못," 사뭇, 막"
소로록," 가라앉는 꼴, 목구멍으로 내리는 꼴"
심껏,힘껏
실피,슬피
슬짝,슬그머니
쉬이,쉽게
소소," 약간, 조금"
소드락이,"수두락이. 작은 것을 한 곳에 많이
"
뽈리,빨리
복삭,바싹
보지란히,부지런히
보싹," 바싹, 몹시"
보랑지게,부지런히
빈싹²,빙싹. 빙그레
빈도롱이,"빈두룽이. 아무일도 않고 있는 꼴
"
비식이,비스듬히
부끄러이,부끄럽게
복삭,<박삭<북삭. 털이나 풀 따위가 많이 돋은 꼴
벨호게,별다르게
베잭이,가리운 것 없이 나타나게
베량," 별로, 그다지"
번뜩,"펀뜩. 번쩍(불이 비치는 꼴)
"
벅석,혼짝. 흠뻑
버젓이,대답스럽게
배량," 그덧, 그다지 흔히"
반도시,반드시
바락,바락이. 갑자기 성내는 꼴. 한번에 많이 힘차게 넣거나 얻어 들이는 꼴
몬직악몬직악," 만적만적, 만지작만지작"
몬들락이,<문들락이. 매끄럽고 둥글게
모침내,마침내
밀꺼니,밀껑이. 아무런 까닭 없이
미릇,미릿. 미리
미러," 평균하여, 모두"
문짝,>몬짝. 흠뻑
문지르르,"민지르르. 미끄러운 꼴
"
무사,왜
멜쌕이,헤멜쌕이. 주저앉는 꼴
멜락멜락,멜싹멜싹. 허물어지기 쉬운 꼴
멜락," 멜싹<몰락=물싹<밀락=밀싹. 조심성 없이 디디는 꼴, 힘없이 주저앉는 꼴"
멘몬제,맨 먼저
멘나중,맨 나중
막상," 기껏, 고작, 한껏"
막," ①아주, 썩 ②막상"
또똣이,따뜻이
돗돗이,<똣똣이. 따뜻이
돗돗,<똣똣. 날씨가 따뜻한 꼴
돔뿍,담뿍
돌돌이,다달이
돈돈히,단단히
뜨근뜨근,①천천히 ②뜨거운 꼴
든직어니,>돈직어니. 묵직이
둠실둠실,드문드문
둠시렁히,공간적으로 조금 드문드문
두물이,드물게
똑,꼭
뎅강,묵직한 것이 자빠지는 꼴
데번에,뎁번에. 한번에
덜싹,털썩
더레이,더럽게
대걸롱,대강
달그락달그락,달그랑달그랑. 달각달각
다못," 다만, 또"
노시," 영영, 결국"
늦이,늦게
느런이,나란히
놀몽놀몽,천천히
노고록이," 노고롯이. 오북하게, 마음 놓고 편안히"
너부작이,넓적하게
너미,너무
너그러이,너그럽게
고만고만,가만가만
고들고들,힘없이 움직이는 꼴
고득이,가득히
고득,<고뜩. 가득<가뜩.
고닥고닥,<고딱고딱. 끄덕끄덕
그추룩," 그처럼, 그렇게"
그차락,그렇게까지
그자,기자. 그저
그마니,그만큼
그득,고득<고뜩. 가득
그냥저냥,그렁저렁=그영저영=기영저영. 그럭저럭
그냥,기냥. 그대로
굴무락이,행동이 느리게
괴로이,괴롭게
경," 기영=그영, 그렇게, 그리"
겡삭겡삭,빙긋빙긋
게민,그러면
깨,꽤
깜째기,갑재기=깝재기. 갑자기
게메," 게메선=게메서란. 그러기에, 그러므로"
게난,"  그러니, 그러니까"
건성건성,대강대강
거저,거줌. 거의
거쓴,걸른. 얼른
거꿀로,거수로. 거꾸로
간대로,함부로
히어뜩호다," 어지럽다, 정신이 어지러워지다."
히미호다,부옇다.
히다¹,희다.
흥강호다,흥그랑호다. 흥건하다.
흘탁호다,신발 따위가 헐렁하다.
환칠호다," 널찍하다, 환하다."
호되다,엄하다.
헤삭호다,맨 것이 단단하지 않다.
험상스럽다,꼴이 흉하다.
허영호다,헤영호다=헤양호다<히영호다. 허옇다.
허드렁호다," 헛되다, 진실성이 없다."
한한호다,매우 많다.
하양호다,해양호다. 하얗다.
하다,많다.
푹시근호다," 포근하다, 뚱뚱하다."
푸지다," 푸짐하다, 흡족하다."
펜고호다,편안하다.
파랑호다,파랗다.
톨아지다,비뚤어지다.
퉁퉁호다,뚱뚱하다.
큰큰호다,매우 크다.
코소롱호다,<쿠수룽호다. 고소하다<구수하다.
촌촌호다²," 찬찬하다, 천천하다."
초지다,차지다.
초다³,차다(寒).
초다²,짜다.
초다¹,차다(滿).
초근호다,차근차근하다.
추접호다,추저분하다.
추접스럽다,추잡스럽다.
초랍다," 떫다, 초 맛 같다."
좆이다," 잦다, 배다."
좀좀호다,잠잠하다.
좀질다," 가늘다, 세밀하다."
좀진좀진호다,매우 가늘다.
졸이다,잘다.
존존호다,자잘하다.
조르다,#NAME?
질쭉호다,<질찍호다 길쭉하다.
질다,① 길다. ②습하다.
질긴질긴호다,매우 질기다.
진진호다,길고 길다.
지프(깊으)다,깊다.
지치다," 고단하다, 가쁘다, 여위다."
지접다,뜨겁다.
지껍다,기쁘다.
지꺼지다,기뻐하여지다.
줄다,여위다.
준쭌호다,매우 여위다.
졸바르다,바르다.
존존호다,매우 좋다.
족은족은호다," 매우 작다, 매우 적다."
족다," 작다, 적다."
조랍다,졸리다.
조라지다,너그럽지 못하다.
재끄만호다,#NAME?
이뿌정호다,이쁘다.
이뜩호다,착하다.
우터호다,위험하다.
우싹호다,바늘로 찌르는 듯한 느낌이 있다.
요망지다,똑똑하다.
왕왕호다,소리가 시끄럽다.
왁왁호다,컴컴하다.
왁왁침침호다,어두침침하다.
와랑와랑호다,불이 세게 일어나는 꼴의 흉내말.
와락와락호다,우락우락호다. 따끈따끈하다<뜨끈뜨끈하다.
옹색호다," 돈이 없어 곤란하다, 거래가 막히다, 자리가 좁다."
오짝호다,오쪽호다. 오똑하다.
오슬오슬호다," 시루떡 따위가 부스러지지 않고 옹골차다, 잔 것이 싱싱하다."
오모록호다,우무룩호다. 오목하다<우묵하다.
역다,욕다. ① 약다. ②나이를 먹다.
여데다,같다.
엑호다," 억울하다, 분하다."
엉기다," 성기다, 설피다."
엇다,웃다. 없다.
얼다,을다. 춥다.
어지렁호다,어지럽다.
어중간호다," 어중구랑호다. ① 몽종하다, 의심스럽다. ② 흐리멍덩하다."
어정쩡호다,얼떨떨하다.
야속호다,성질이 잘다. 치밀하다.
야리다,여리다.
야드락지다," 자지러지다, 요란스럽다."
알리다,아프다.
아니꼽상스럽다,지나치게 아니꼽다.
아노록호다,아녹호다=아도록호다. 아늑하다.
아깝다,귀엽다.
소복호다,소복하다.
소르르호다,소르륵호다. ① 목이 시원하다. ② 마음이 가라앉는 느낌이 있다.
소락소락호다,바삭 마른 느낌이 있다.
싯다," 잇다. 있다, 계시다(싯다, 싯고, 싯지, 시어, 시니)."
실프다,싫다.
실렵다,실립다. 차다.
식식호다,씩씩호다. ① 싱싱하다. ②엄하다.
숭호다,흉하다.
수악수악호다," 사박사박하다, 싹싹하다."
수수호다,검소하다.
쎄다," 씨다. 세다, 굳다, 튼튼하다."
썸찌근호다,썸찍호다. 지긋지긋하다.
써글라호다,매우 냉하다.
싸무랍다,사납다.
싸다,① 그만한 가치가 있다. ② 그래도 마땅하다(죽어도 싸다).
섭섭호다," 출출하다, 서운하다."
서창호다," 서럽다, 슬프다."
서느럽다,선선하다.
삼드랑호다,삼삼호다. 싱겁다.
살치다," 솔지다=솔치다. 살찌다, 새끼 따위가 굵다."
산드랑호다,조금 사느랗다.
사락사락호다,① 깔깔하다. ② 물기가 없어 포근하다.
사노롱호다,서누룽호다. 사늘하다<서늘하다.
보랑지다,부지런하다.
보디다,가깝다.
불구수룽호다,불굽수룽호다. 불그스름하다.
불구룽호다,블그레하다.
뿌영호다,뿌옇다.
뽀쪽호다,뾰족하다.
부치럽다,비치럽다=비끄럽다. 부끄럽다.
부작호다,부족하다.
부영호다,부옇다.
복삭호다,박삭호다.<북삭호다. 털이 많다.
보양호다,보영호다. 보얗다.
보미다,낡다. 녹슬다.
보드랍다,보드랍다. 부드럽다.
벨호다,별다르다.
벨라지다,바라지다.
벨나다," 별나다, 보통이 아니다."
베지근호다,기름맛이 있다.
베다,무겁다.
번지르르호다,번질번질하다.
버치다,버겁다.
버물다,더러워지다.
버근호다," 버긋하다, 버름하다."
반조롱호다,반주롱호다. 단정하다. 깨끗하다. 아무 것도 없다.
몬몬호다,만만하다.
몬들락호다,몬들락호다<민들락호다. 둥글고 매끄럽다.
모지직호다," 피륙 짜입새나 새끼 꼬임새가 여무지다, 마음이 굳세다."
미죽다,담력이 없다.
미식호다," 흔하다, 많이 쌓여 있다."
미숙미숙호다,메슥메슥하다.
미럽다,미끈하다.
미끈호다,밋밋하다.
뭉그랑호다,몽그랑호다. 살쪄 뭉클하다.
물르다,무르다.
문칠문칠호다," 몬칠몬칠호다. 매낀매낀하다, 밋밋하다."
문지르르호다," 민지르르호다. 매낀매낀하다, 미끄럽다."
몹쓸다,몹씰다. 악독하다.
모지래다,모자라다.
멥다," 맵다, 냅다."
멘도롱호다,매지근하다.
메정호다,인정 없다.
돌코롬호다,돌콤호다. 달콤하다.
돈돈호다¹,매우 달다.
디깍호다,단단하다.
두물다,드물다.
두리멍청호다,어리석다.
두령청호다,어리둥절하다.
두둑호다,두룩호다. 두툼하다.
두덥다,두둡다. 두껍다.
달르다,다르다.
느랏느랏호다," 느릿느릿하다, 맥없다."
누리다,누르다.
노프(높으)다,높다.
넙다,넓다.
남직호다,남짓하다.
고렵다,고롭다. 가렵다.
고득호다,고뜩호다. 가득하다.
궂다," 좋지않다, 나쁘다."
궁상스럽다,이상스럽다.
괴약호다,고약하다.
호다,하다.
호고정호다,하고자 하다.
간세호다,게으르다.
간딴호다,간단하다.
가벱다,개뱁다. 가볍다.
히다,① 헤다. ② 희다.
흥글다,흔든다.
흘트다," 진한 것이 흐르다, 물이 떨어지다."
흘치다,흘리다.
흘르다,흐르다.
훌트다²,① 문질러 미끄럽게 하다. ② 액체를 걸레로 훔치다.
후리대기다,후리다.
후리다,막대로 물건을 때리다.
헤우다,헹구다.
헐어지다,흩어지다.
헐벗다," 입은 것을 벗다, 껍질을 벗다."
폴이다,팔다.
피우다," 풍기다, 불이 나게 하다."
페우다,펴다.
페다," 패다, 때리다."
퍼싸다,똥을 많이 싸다
퍼붓다,① 비가 쏟아지다. ② 말을 쏟아내다.
퍼먹다,잔뜩 먹다.
파장치다,끝내다.
트다 ²,발에 티눈이 생기다.
털어지다,떨어지다.
클르다," 끄르다, 풀다."
클러지다," 끌러지다, 풀어지다."
케우다,태우다.
케다¹,캐다.
촘다,참다.
촐리다,차리다.
초다,차다.
치돋이다,치닫다.
처받다,치받다.
처밀다,힘차게 밀다.
좀자다,잠자다.
좀기다,잠기다.
조물다¹,저물다.
조라다,자라다.
질루다," 기르다, 가꾸다."
질들이다,길들이다.
직산호다,기대다.
지프(짚으)다,짚다.
지드리다,기다리다.
지나다,유산하다.
지끄다,기쁘다.
지꺼호다,지뻐호다. 기뻐하다.
지꺼지다,지뻐지다. 기꺼하여지다.
주꾸다,주치다. 짖다.
죄다,쥐다.
죄기다²,쌓다.
좋아라호다,좋아하다.
종잡다,정확한 것을 알아내다.
제기다,쌓다.
정글다,저물다.
절딴나다,결단나다.
적지다,적시다.
저들루다," 조들루다. 걱정시키다, 괴롭히다, 지부럭거리다."
저들다,조들다. 걱정하다.
저돌아지다," 조들아지다. 미안해지다, 걱정되다."
저냥호다²,절약하다.
저냥호다¹,겨냥하다.
잣다,줍다. 깁다.
욜다,열다.
입지다,입히다.
익다,읽다.
용심내다,성내다.
용심나다,성나다.
올르다,오르다.
업지다,업히다.
얼리다," 얼다, 엉기다."
어우러지다,넘어지다.
어린거리다,얼랑거리다. 얼렁거리다. 어른거리다.
어르다,얼르다. ① 얼씬거리다. ② 일하는 곳을 돌아다니다. ③ 남녀가 서로 관계하다.
앵기다,잡히다.
애돌이다,애닯아하다.
애끼다," 귀애하다, 소중히 여기다."
앚이다,앉다.
앗다,제거하다.
씨다,쓰다.
쏙다,속다.
솔피다,살피다.
소정호다,사정하다.
소무치다,사무치다.
싯다,씻다.
심지다,①붙들리다. ②잡게하다.
심벡호다," 겨루다, 이기려고 버티다."
심들다,힘들다.
심다," 잡다, 붙잡다, 붙들다."
시끄다,싣다.
시기다,시키다.
속솜호다,잠잠하다.
썽내다,성내다.
쌉다,싸우다.
속다,수고하다.
셍기다,섬기다.
세다³,나이를 먹다.
세다¹,쇠다.
섭력호다,협력하다. 돕다.
설르다," 서르다, 그만두다."
서둘르다,서두르다.
서끄(섞으)다,#NAME?
사위호다,사위 삼다.
뽈이다,빨다
보리다²,버리다.
삐다,뿌리다.
뿌리다,뿌리치다.
비우다,붓다. 쏟다.
비어지다,번지다.
비슬다,기울다.
비다,베다.
비끼다,비키다.
불짇다,불사르다.
불싸다,불 켜다.
불르다,부르다.
불러호다,부러워하다.
부트(붙으)다," 붙다, 의지하다."
부축호다,곁부축하다.
부찌다," 부치다, 붙이다."
부에나다,"  =북두매기나다=북두매기되싸지다. 부아나다, 화나다."
부대끼다,덤비다.
부끄리다,부끄러워하다.
뵈와주다,뵈어주다.
봉그다,줍다. 얻다.
본보다,"  =뽄뜨다=뽄받다=뽄보다. 본뜨다, 본받다."
복식호다,탐하다.
벳기다,벗기다.
벨르다,속이 드러나게 열다.
벨라지다,속이 드러나게 열리다.
베우다,보이다.
베기다," 우기다, 고집하다."
벌르다,깨다. 쪼개다.
벌러지다,깨지다.
벋다,뻗다.
버이다,베다
버물이다,더럽게 하다.
버물다,더러워지다.
배려보다,바라보다.
배래다,#NAME?
발르다,바르다
발루다²,"  =발리우다. 겨누다, 벼르다."
발루다¹,바르게 하다.
반지다," 기뻐하다, 좋아하다."
박접호다,박대하다.
박아지다,앞으로 쓰러지다.
몽캐다,동작을 발리 아니하다.
또다,①때리다 ②부수다.
몰아지다¹,말리다.
몰다³,몰다.
몰다²,말다.
밑가다,밑지다.
밀리다²,일이나 물건이 많이 남다.
밀리다¹,밀다.
미다²,미워하다.
뭉퉁그리다,뭉뚱그리다.
물다,빚이나 삯을 갚다.
묻치다,묻다.
문대기다,문대다.
무찔르다,무찌르다.
무끄(묶으)다,묶다.
몽글다,모지라지다.
못다," 모시다, 받들다."
몰르다,모르다.
몯아들다,모여들다.
몯이다,모이다.
모질다,모지라지다.
멩질호다,명절 쇠다.
멜르다,#NAME?
멜락호다,#NAME?
멜라지다,#NAME?
메우다,모으다.
메다,매다.
메꾸다,메우다.
메기다,매기다.
멎치다,맡겨두다.
멎다," 묵다, 머무르다."
머추다,멈추다.
머물르다,머물다.
맞히다,쏘아 맞게 하다.
맞초다,①맞추다. ②약혼하다.
망보다,감시하다.
마트(맡으)다²,맡다.
마치다,#NAME?
똘르다²,뚫다.
동기다,당기다.
동그다,물 속에 담그다.
돌아지다,달리다.
돌아오다,데려오다.
돌아메다,달아 매다.
돌아나다,도망가다.
돌아가다,데려가다
돌리다²,달리다.
돌리다¹,달리다.
돌려들다,달려들다.
돌랑이다,두근거리다.
돌라부뜨다,달라붙다
돌다²,데리다.
띄우다," 뜨이다, 사이를 뜨이다."
똘라내다,#NAME?
돌다¹,①(맛이)달다. ②저울에 달다.
돋이다," 닫다, 때리다."
도투다,다투다.
도리다¹," 쫓다, 몰다."
디밀다,안으로 밀어넣다.
들싹호다,들썩이다.
들르다,들다.
들러가다,훔쳐가다.
드르쓰다,마시다.
둥글리다,#NAME?
둥글다,뒹굴다. 굴다.
두리다,미치다.
되와지다,"뙤와지다. 꼬이다.
"
되쓰다,뒤집다.
되싸지다²`,죽다'를 얕잡은 말.
동나다,동강나다.
동겨메다,동여매다.
도왜다,돕다.
데우치다,데치다.
데우다,식은 것을 슬쩍 삶아 뜨겁게 하다.
데미다,물건을 쌓다.
데령호다,어른에게 드리다.
덤방호다,풀이 무성하다.
던덕지다,얽히고 뭉쳐지다.
더끄다,①덮다. ②닫다.
댕기다,#NAME?
댓구호다,반항하여 대답하다.
담다,김치. 젓 따위를 담그다.
다호다,끝내다.
다조치다,재촉하다.
다긋다,서두르다.
놎추다,낮추다.
놀싹호다,무너지다.
놀려불다,#NAME?
놀뛰다,날뛰다.
놀다¹,날다(飛).
노리우다," 내리우다. 물건값을 깎다, 늘리어 펴다."
노리다," 내리다, *값이 노리다."
노닥거리다,"  = 노닥이다 노닥거리다, 지껄리다."
노누다,나누다.
늘루다,늘리다.
눅지다," 지우다, 눕히다."
놓이다,놓다
넹기다,넘기다
넬리다,#NAME?
네슬르다,싫어하다.
넘어가다," 지나가다, 건너가다."
넋들이다,넋을 되찾게 하다.
냉기다,남기다.
내치다," 뱉다(吐), 토악질하다."
내불다,내버리다.
내두르다,휘두르다.
날르다,나르다.
나돋이다,달아나다.
나무래다,나무라다.
나끄(낚으)다,낚다.
곶추다,갖추다.
곶이다,갖다(持).
곰추다,감추다.
골라앚이다,가라앉다(沈).
골이다," ① 갈다(磨). ② 바꾸다, 갈다(替)."
골기다,① 갈기다. ② 오줌을 힘차게 싸다.
곡쥐다,꽉 잡다.
곡주다,할퀴다.
고리치다," 가르치다, 가리키다."
고리끼다," 가리끼다, 가리우다."
고딱호다,몸이나 물건을 조금 움직이다.
고득다,차다(滿)
고다듬다,가다듬다
고끼다,목이나 숨이 막히다
손메,"솜씨
"
쏙²,"여물
"
소본,"벌초
"
소도리,"소도리-질=소드리=소드리-질. 쏘개질, 망질, 말전주
"
소도,"효도
"
소관,"소견, 생각
"
셍작,"생판
"
셍일,"생일
"
이불포,"이불 보자기, 이불잇
"
이불자리,"이불요
"
이불요,"이불자리. 이부자리
"
우티,"웃옷
"
우투,"외투
"
우장,"비올때 둘러쓰는 것
"
옷짓,"옷깃
"
오매기,"술오매기
"
옛,"엿
"
언물,"찬물
"
약괴,"네모 난 약과
"
안쥐,"안주
"
솔쾨기,"살코기
"
식게,"식혜
"
시리떡,"시루떡
"
쉰다리,"단술
"
술오매기,"오매기. 술을 빚기 위하여 만드는 떡인데 둥글고 가운데에 구멍이 있는 조떡
"
수에,"수외. 순대
"
소쥐,"소주
"
소곰쿡,"소금국
"
소곰,"소금
"
셍밥,"선밥
"
판고집다리,"고집-쟁이. 고집장이, 고집퉁이.
"
텟도독,"떼도적
"
털북새기,"털북숭이. 털보
"
큰어멍,"백모
"
큰아방,"큰삼춘
"
큰아돌,"맏아들
"
큰성,"맏형님
"
큰삼춘,"큰-아방. 백부
"
큰사위,"맏사위
"
큰메누리,"맏며누리
"
큰똘,"맏딸
"
큰누이,"맏누이
"
코홀채기,"코흘리개
"
촐래기,"깡똥깡똥 돌아다니는 행동이 경솔한 사람.
"
촐람생이,"초라니. 행동이 빠르고 기괴한 사람의 별칭
"
촐군,"촐-놉. 목초를 수확하는 일군
"
촌놈,"시골뜨기
"
초라니,"촐람생이. 행동이 빠르고 기괴한 사람의 별칭
"
첩각씨,"첩
"
처아주망,"처제
"
처아주마님,"처형
"
처가칩,"처갓집
"
좀수,"해녀
"
좀무충이,"잠충이, 잠꾸러기
"
좀녜,"해녀
"
좀녀,"해녀
"
조석,"자식
"
질동무,"길동무
"
돌하르방,"(고유명사)돌할아버지 뜻
"
할마님,할머니
하리비,할애비
하르바님,할아버지
하님,계집종
유지남우영,"유자나무가 있던 밭
"
엉덕물,"바윗굴 속에 고인 물
"
신물,"인공으로 판 못
"
숯굿,"숯을 구운 자리에 판 물
"
쇠선밧,"밭이 넓고 골이 길어 밭갈때 소가 휴식을 위해 섰던 밭
"
병두왓,"옛날 병정들 교련장
"
반못,"가뭄이 들어도 마르지 않은 물
"
두련밧,"둥그스름하고 큰 모양의 밭
"
돗바령,"멧돼지가 많이 몰려와서 짓밟았다하여 붙여진 이름
"
곰숫터,"토굴과 같이 큰 가마를 만들어 숯을 구웠던 곳
"
아낭거리,"아왜나무가 많은 거리
"
수덕앞,"숲 아래 있는 밭
"
수덕,"숲
"
당밧,"당을 모신 밭
"
술,"숲
"
개남술,"개나무가 많았던 동네
"
고장남밧,"꽃나무가 많았던 데서 연유
"
섬팟,"섬처럼 외따로 떨어진 밭
"
올랭이통,"물이 고이는 늪지대
"
빌레통,"바위틈에 물이 고이는 통이 있는 곳
"
서근빌레,"누룩돌이 많은 해변
"
곰돌렝이,"돌라진 곳
"
물골왓,"물이 잘 고이던 밭
"
쥐영밧,"쥐들이 사는 구멍이 많았던 밭
"
살쏜디왓,"과녘을 세우고 활을 쏘았던 밭
"
골왓,"굴이 있었던 밭
"
노적눌,"노적가리 형태의 자갈더미가 있는 곳
"
지왓골,"기왓장이 많이 널려있는 밭
"
관가름,"주초석과 기왓장, 자기 파편들이 많이 널려있는 곳
"
생이집목,"상여집이 있었던 목
"
곱은 여,"수면에 보일 듯 말듯 한 암초
"
게와당,"호주머니모양으로 생긴 마당
"
산물깍,"용천수가 나는 갯가
"
오따니여,"가마우지가 많이 몰려있는 암초
"
구린질 목,"속이 텅 빈, 웅덩이가 있는  길목 
"
개낭동산,"누리장나무가 많이 있는 동산
"
잰잰한여,"조그마한 암초들이 줄지여 있는 암초
"
고동여,"소라가 많이 잡히는 암초
"
왕모살냇기,"큰 모래가  많은 해변
"
갱이여,"게 모양으로 생긴 암초
"
개압코지,"포구앞에 있는 곳
"
안캣머리,"비교적 포구 안에 자리잡고 있다고 해서 유래
"
화성개,"삼신인이 꽃상자를 발견하고, 그 떠오른 곳
"
터우개,"떼배를 정박하던 곳
"
황노알,"삼선녀가 상륙하던 무렵의 황금빛 노을을 뜻하는 지명
"
몰성개,"삼선녀가 오곡의 씨와 송아지와 망아지를 끌고 상륙했던 곳
"
괸돌,"고인돌
"
복대기왓,"풀이 울창하게 욱어진 밭
"
먹벵디,"주변에 못이 있었고 지역이 넓은데서 유래
"
마풀림동산,"본향제인 마풀림제를 지낼 때, 신의 의복을 내걸어 말렸다는 터
"
당동산,"본향당이 있던 동산
"
상둣동산,"옛날 향회를 했던 곳
"
물곰밧동산,"물에 잠기는 밭이 있는 동산
"
모른조동산,"거칠고 조악한 땅의 뜻
"
두러물동산,"비가오면 물이 빠지지 않는 동산
"
금붕애동산,"금붕어 모양으로 생긴 동산
"
촘생이케,"촘생은 목초, 목초가 많았던 넓은 지역
"
찍여,"평평한 곳에 오뚝하게 박혀있는 모양을 한 여
"
너른걸,"걸은 돌멩이나 바닥돌로 이루어진 바다 밭을 의미하는 바다지명의 접미사이다. 그 지역이 넓어서 붙여진 이름
"
섯지겁,"서쪽의 벼랑
"
베락마진소,"베락-마진-소
"
큰속동개코지,"큰 파도가 코지로 치면 속돌이 많이 올라온다. 
"
마풀림,"풀들이 무성하게 자라는 곳
"
보재기다루,"어부가 소유한 작은 밭
"
머생이왓,"머생이는 빌레가 계속 연결된 상태, 그런 형태의 밭
"
징줄논,"징줄은 수초를 뜻함, 이 지역에 징줄이 자생하여 불려진 이름
"
꼼장이,"잘 보이지 않는 고망논이라는 뜻
"
빌륵밧,"습기가 많아 붙여진 이름
"
고냉이머들아즌밧,"밭 가운데 고인돌처럼 큰 돌이 앉아 있어 붙여진 이름 
"
도채비골,"가축의 뼈 등이 습도가 높은 날 밤에 인광이 나타나므로 도깨비가 나타나는 지역으로 불림
"
불미왓,"지형이 불미 형태에서 유래
"
혼착밧,"한쪽 밭을 말함, 넓은 밭을 분할하여 자녀에게나누어 준 밭
"
구럼비,"구엄->구엄부->구럼비로 변형되어 불림, 옛날 해안가를 중심으로 초가로 된 9개의 작은 암자들이 있어 구럼비/구암비라 불림
"
꿩망동산,"꿩몰이 사냥을 할 때 꿩의 위치를 살피는 동산
"
매아진돌,"매가 날아 와 앉았던 돌
"
여이물,"여우가 나타났던 옆에서 솟는 물
"
섯언새미,"서쪽에 있는 차가운 샘
"
동언새미,"동쪽에 있는 차가운 샘
"
굿밧거리,"지난 날 굿을 많이하여 불려지는 이름
"
거믄머들,"검은색의 돌무더기
"
노린빌레,"붉은 누런색을 띠는 암반
"
돌혹,"돌절구 같은 데서 샘이나와 붙여진 명칭
"
쇠에움밧,"자신의 밭에 소를 가두어 방목하던 곳
"
마장밧,"자신의 밭에 마를 가두어 방목하던 곳
"
행기소,"기우제 지낼 때 제관들이 목욕하여 기우제 지내는 장소
"
합순밧,"합순은 풀이 있는 밭, 어려운 시절 합순을 식용으로 범벅을 만들어 먹음 
"
거무리왓,"사계 사람이 시집와서 살았던 곳
"
번제드르,"동네사람들이 추렴하여 나누어주는 곳이라하여 붙여진 이름
"
식궤,"식은 고양이, 고양이가 살았던 궤
"
졸레왓,"쭉정이를 주고 바꾼 밭
"
벨진마루,"별도로 진을 치고 방어했다는 동산
"
쇠저리는자리,"소를 배로 운반할 때 소를 묶고 풀었던 자리를 말한다
"
콧쿰,"구멍이 마치 콧구멍처럼 두개 뚫려 있는 지형 
"
벵풍석,"절벽이 병풍을 펼쳐 놓은 것처럼 주상절리가 발달된 지형 
"
두머니물,"두는 머리를 의미, 예로부터 아기엄마들이 젖이 잘 나오지 않을 때 이곳에 와서 두머니물을 먹고 목욕하면 젖이 잘 나온다는 데서 붙여진 이름
"
물깍먼여,"해변 가에서 멀리 떨어진 여
"
공물깍먼여,"공물깍 먼 곳에 있는 여
"
정포제동산,"마을제인포제를 지냈던 동산
"
둠부소,"바다풀인 듬북이 밀려드는 연못
"
겡이돌레,"바다에 사는 게 모양의 작은 밭
"
빈네코지,"그 모양이 여자머리에 꽂는 비녀를 닮았다고 하여 붙여진 이름
"
진모루,"왜란때 군사가 진을 쳤던 곳
"
당팟,"예전 당이 있었던 자리 
"
무남통,"물남는 통이 무남통으로 불림
"
고막곶,"오막살이를 지어 살던 곳
"
샛도,"사이에 낀 입구
"
송남모루,"마루모양이 학이 날개를 벌려 새끼를 품을 형세라 하여 붙여진 이름
"
한무덤골,"많은 무덤이 있는 곳
"
수루막동산,"늘어진 막사 모양의 동산
"
외진모루,"군사의 외진치고 있는 모습의 동산
"
기진모루,"장군 깃발이 휘날리는 모습을 한 형상의 동산
"
애기난갯도,"냇가 입구에서 애기를 낳았다 하여 불려짐 
"
구진내도,"구진은 불편함을 말한다. 하천 건너다니기 불편해서 붙여진 이름
"
닥돌레,"닥나무를 키웠던 작은 밭
"
도고리왓,"도고리는 소나 돼지의 여물통으로 도고리를 만들어주고 얻은 밭
"
쳇대왓,"촛대를 하나 만들어 주고받은 밭이라 하여 불려짐 
"
가문다리,"가문는 가늘다의 뜻으로 외나무다리가 있었던 곳
"
제돌레,"제나무가 있었던 작은 밭
"
소근밧,"소근은 고생하다는 뜻으로 그만큼 힘들었던 밭
"
세밋도,"샘이 있는 곳으로 가는 길 입구
"
매남빌레,"매화나무가 많은 암반
"
건저귀왓,"허물을 고쳐주는 귀신이 살고 있는 밭
"
검붕낭앝밧,"풍개나무가 있던 밭
"
제민당,"조문하던 곳, 사람이 죽으면 토롱해 두었던 밭들이 있던 곳 
"
걱대왓,"솟대를 세웠던 밭
"
물마근밧,"물이 흐름을 막는 형국의 밭
"
모팡,"작은 분지형태로 높이 1m, 남북 길이 2m, 동서 길이 1m 정도의 바위가 솟아있는 형국에서 불려짐
"
굴메소,"굴메즉 그림자가 드리운 못
"
구명물,"굴명물이 와전, 여름철에 천둥번개가 치면서 땅이 울려야 솟아나는 샘을 구명물이라한다
"
마근물,"저수지 물이 합류되는 지점, 마근는 막다를 뜻함
"
폴두곱지,"하천변의 도로형태가 팔이 굽은 모양이라 하여 붙여진 이름
"
안 게,"게의 집게발 모양을 하고 있어 붙여진 이름 
"
셋도리통,"두 번째 위치에 있다고 하여 붙여진 이름
"
무근가름,"설촌 되기 전 동네라하여 불려진 이름
"
존내틈,"작은 내 사이란 뜻으로 불려진 이름
"
제낭코지,"노린재나무가 있는 곳이라하여 불려진 이름
"
움통밧,"지형이 움푹 들어가 있어 불려진 이름
"
살체기도,"살을 이용하여 엉기성기 만든문을 입구에 설치 한 것으로 머체동산위에 설치하여 불려진 이름
"
무주왓,"주인이 없는 넓은 초원에서 우마들을 훈련시킨데서 불려진 이름 
"
볼레골,"보리수나무가 많아 불려진 이름
"
웃뒷빌레못,"못을 파서 우마에게 물을 먹이던 못
"
알섯네커리,"마을 서쪽에 있는 사거리라하여 불려진 이름 
"
머레기동산,"산머루가 많았던 동산
"
종낭굴,"주변에 떼죽나무가 많았던 굴
"
모시모루,"모시가 많이 나는 동산
"
주막동산,"옛날 이곳에 술을 팔았던 주막이 있었던 자리
"
올래동산,"집 앞에 있는 동산
"
골머체,"곤머체고운 동산을 나타냄, 골머체로 와전되어 불림
"
몰진밧,"말을 진상하기 위해 말을 모아 두었던 밭
"
개우지코지,"바닷가 쪽을 향해 쭉 뻗어 나가서 붙여진 이름
"
성제돌,"돌이 두개 형제처럼 있는 곳
"
테우리통,"소 먹이는 테우리가 망을 보던 곳
"
생이돌,"철새들이 앉아서 놀던 돌
"
항통,"항아리 모양의 물통
"
감낭밧,"감나무 밭
"
누릉낭동산,"누릅나무 동산
"
독통,"닭이 알을 품은 형세
"
섬들이왓,"섬이 보이지 않은 지역을 말함
"
한지내콤,"내가 넓은 모양. 한지는 넓다 이고 콤은 일정지역을 나타냄
"
맹살,"비가 많이 와서 범람하면 물로 채워지는 곳
"
쇠소깍,"하효마을의 본래 명칭은 쇠둔이다. 효돈천하구에 있는 소라 하여 쇠소라불려지고 있으며, 쇠소의 마지막이라하여 붙여진 이름 깍은 맨마지막을 나타냄
"
소금막,"막은 막사를 의미, 소금을 구웠던 곳 
"
소나물곳,"물이 깊은 곳을 말함
"
재통,"모몰짚을 태워 재를 만들었던 곳, 모몰은 메밀
"
도틀왓,"길이 트인 밭
"
돌박남밧,"동백나무가 많아던 밭
"
닥돌래,"닥은 닥나무, 돌레는 둥그렇게 생긴 작은 밭이다. 닥나무를 재배했던 곳 
"
고막곶,"예전 숲지대여서 붙여진 이름
"
써금바령,"소, 말 등을 밤에 풀어두었던 곳
"
큰가름,"마을 안에 또하나의 큰마을을 이룬 것
"
구덕찬돌,"돌모양이 구덕을 찬 모습
"
애기업게돌,"돌모양이 애기업은 모습으로 생김
"
왜통,"기와를 구워 만들었던 곳
"
노용동산,"노루모양과 같은 지형
"
말축밧,"지형이 말의 다리 같은 지형
"
천아오름,"상수리나무(초낭)이 있어 유래함
"
정물오름,"정물이라는 샘이 있어 붙여진 이름
"
새미소오름,"깊은 샘이 있는 오름이라 붙여진 이름
"
느지리오름,"상명리의 옛 이름 느지리에서 유래함
"
갯거리오름,"두 마리의 개가 꼬리를 끌고 누운 형상에서 유래
"
마오름,"산이 말 형체를 하고 있어 유래
"
송아오름,"송아지 형체를 하고 있어 유래
"
노꼬물오름,"노꼬물 전설에서 유래한 샘이 있어 붙여진 이름
"
가마오름,"신령스러운 산이라는 뜻에서 유래
"
염통오름,"사람 가슴 안의 심장 형국이라 하여 유래
"
가세오름,"산봉오리가 두 갈래로 갈라진것이 가위(가세)와 같아 유래
"
벵곳오름,"병꽃풀이 있어 유래한 이름으로 추정
"
번널오름,"널빤지를 벌여놓은듯한 모양에서 유래
"
백약이오름,"백가지 약초가 난다 하여 유래함
"
산굼부리,"구멍(굼), 산의 정상(부리)를 의미함
"
부대오름,"화전, 개간지의 뜻인 부대기의 줄인말인듯 하나 확실치 않음
"
바농오름,"가시덤불이 엉클어진 수풀이 있어 연유
"
돔베오름,"도마(돔배)모양으로 편편하게 생겼다 하여 연유
"
구그네오름,"고무래(구그네)를 닮은 형태에서 연유
"
궤펭이오름,"바위굴(궤)이 패어있다는 뜻에서 연유
"
까끄레기,"마소를 방목한다는 말인 고끄레 간다는데서 연유함
"
흙붉은오름,"붉은 흙의 산등이 멀리서 보일만큼 드러나 있어서 연유
"
족은드레오름,"작은 들(족은드레)에 있다 하여 연유함
"
큰드레오름,"큰 들(큰드레)에 있다 하여 연유함
"
베리오름,"오름의 바닷가쪽에 벼랑(베리)이 있다 하여 연유한 이름
"
베두리오름,"오름머리 남쪽에 별무리처럼 바위가 모여있다 하여 연유함
"
불칸디오름,"불에 탄곳 (불칸디)이라는 뜻이 있음
"
쌀손장오리,"삼신인이 화살을 쏜 오름이란데서 연유
"
태역장오리,"잔디(테역)밭이 넓게 있어 연유함
"
도들오름,"도드라진 모습이 예쁘다 하여 연유함
"
노리오름,"노루가 많았던데서 연유함
"
노리손이,"노리는 노루를, 손은 쏘다의 옛말로 노루가 많아 노루사냥으로 이름났던 데서 연유
"
광이오름,"지형이 괭이같이 생겼다 하여 연유
"
남짓은오름,"나무(남)가 무성하다(짓다)하여 연유
"
골머리오름,"아흔아홉골의 첫머리에 해당하여 연유
"
걸시오름,"지형이 걸쇠처럼 생겼다 하여 연유함
"
거친오름,"몸집이 크고 산세가 험한데다 숲이 어수선히 우거져 거칠게 보여 연유함
"
솔오름,"쌀을 쌓아올린 형태, 살(피부)처럼 매끈하다 하여 유래했다는 등의 의견이 있음
"
시오름,"수컷오름(수오름)이 와전됨
"
베린내오름,"벼랑(베리)을 이루는 천제연 근처에 있어 연유함
"
방애오름,"방아(방애)모양을 닮았다 하여 유래
"
더데오름,"더더(加加)에서 온 것으로 산이 중첩돼 있음을 뜻함
"
넉시오름,"넋 나간 소가 누워있는 형국에서 유래
"
걸세오름,"걸쇠(걸세)모양의 산이라 하여 유래
"
이승이오름,"삵(슥)처럼 생겼다 하여 유래
"
체오름,"키(푸는체) 모양으로 생겼다 하여 유래
"
윤드리오름,"넓은 들에 누워있는 오름이라 하나 어원이 확실치 않음
"
식은이오름,"산맥이 벌써 식었다 하여 붙여진 이름
"
밭돌오름,"돌이 많은 오름이나 안돌오름과 구별하기 위해 붙여진 이름
"
안돌오름,"돌이 많은 오름이나 밭돌오름과 구별하기 위해 붙여진 이름
"
아진오름,"두 다리를 벌리고 앉아있는 모양에서 연유함
"
아부오름,"앞 오름에서 아부오름으로 변형
"
손지오름,"
작지만 한라산과 비슷하게 생겨 붙여진 이름
"
비치미,"꿩이 나는 형국이라 하여 붙여졌다 하나 확실치 않음
"
북오름,"북 모양을 닮아 붙여진 이름
"
민오름,"모양이 미끈하여 붙여진 이름
"
돝오름,"산모양이 돼지같이 생겨 붙여진 이름
"
당오름,"당이 있었다 하여 붙여진 이름
"
다랑쉬,"산봉우리 분화구가 달처럼 둥글게 보인다 하여 붙여짐
"
괴살메,"고양이가 누워있는 형상이라 하여 붙여짐
"
거친오름,"크고 거칠어보인다, 거쳐가는 오름이다, 거린오름의 와전이다 등의 유래가 있음
"
거슨새미오름,"물이 한라산쪽으로 흘러나온다 하여 붙여진 이름
"
거미오름,"거미오름
"
쇠머리오름,"우도의 형상이 소의 형상이고 그 머리부위에 해당하여 유래함
"
쳇망오름,"쳇바퀴(쳇망) 모양이라 하여 유래
"
초낭오름,"상수리나무(초낭)이 있어 유래함
"
이달오름,"두개의 산(달))이 있다 하여 유래
"
사제비오름,"새매(새잽이)가 서식하여 유래
"
빈네오름,"봉우리 쪽에 쪽진 머리에 비녀를 꽂은 모습을 한 바위가 있어 유래
"
물메오름,"봉우리 위에 못이 있어 유래
"
노로오름,"노루(노로)가 많이 서식하여 유래
"
폭낭오름,"큰 팽나무(폭낭)이 있어 유래함
"
하늬복이오름,"북풍(하늬바람)이 많이 부는곳에 있어 유래
"
마복이오름,"남풍(마파람)이 많이 부는 곳에 있어 유래
"
바굼지오름,"박쥐(바구미)의 형태를 하였다 하여 유래
"
도너리오름,"어귀(도)가 널찍하여 유래
"
넙게오름,"넓적한 게 모양이라 하여 유래
"
골른오름,"쌍둥이(골오기)에서 유래하여 두오름이 나란히 있다 하여 유래
"
굴메오름,"덤으로(굴루로) 생겨난 산이란 뜻에서 유래
"
거린오름,"갈라진 오름이란 뜻에서 유래
"
족은물뫼,"큰물뫼와 구분하기 위해 부르게 됨
"
큰물뫼,"원래 물뫼(물미)라 했던것이 동쪽의 족은물뫼와 구별하여 큰쿨뫼라 하게 됨
"
족은왕뫼,"왕뫼 가까이에 있는 작은 오름이라는데서 유래한 이름
"
왕뫼,"왕뫼
"
유건에오름,"유생이 쓰는 유건의 모양처럼 생겼다 하여 유래한 이름
"
본지오름,"본지낭(노박덩굴)이 많아 유래한 이름
"
바우오름,"바위가 많이 드러난 봉우리에서 바위가 바우로 변형되 유래한 이름
"
젯그린동산,"어미의 젖을 그리는 어린 개의 형국에서 유래한 이름
"
뒤굽은이,"남동쪽을 산머리로 하여 북쪽으로 등성마루가 구부러져 있다 하여 유래한 이름
"
통오름,"물통, 밥통 등의 통처럼 생겼다 하여 붙여진 이름
"
돌미,"동쪽 산머리에 큰 바위무더기가 박힌 돌산이라 하여 붙여진 이름
"
낭끼오름,"나무들이 서 있는 변두리라는 뜻에서 유래
"
통바금물,"냇물이 고이는 곳이 우물(통)처럼 생겨서 붙여진 이름
"
행기소물,"샘의 모양이 밥사발 같고 물이 맑고 항상 고여있어 붙여진 이름
"
등창물,"맑은 샘이 아무리 가물어도 바닥을 드러내지 않는다 하여 붙여진 이름
"
당두둑물,"설문대할망당이 있는 두둑이라 하여 붙여진 이름
"
겐놉샘물,"물통처럼 둥그렇게 생기고 갯이끼가 껴있어 붙여진 이름
"
당케산물,"당케세명주할망당전설에서 유래한 이름
"
새기미산물,"차고 맑은 샘이 연중 마르지 않고 흐른다 해 붙여진 이름
"
고씨땅물,고씨성을 가진 사람 땅 부근에 샘이 있다 하여 붙여진 이름
고능개물,"바닷가 소하천의 앞 바다가 가느다랗다 하여 붙여진 이름
"
산열이통물,"더위를 식히고 땀띠를 없애기 위해 이용하여 붙여진 이름
"
노단새미,"노단은 오른쪽을 일컫는 제주지역어로,  한라산을 향해 거슬러 흐르지 않는데서 유래한 이름
"
거슨새미,"한라산쪽으로 거슬러 흐르는 샘이라 하여 붙여진 이름
"
옥빰물,올빼미가 밤마다 운다 하여 붙여진 이름
괴물,"궤에서 나오는 물이라 하여 궤물, 괴물이라 함
"
통물,"통천리라는 마을 이름에서 유래함
"
양재소물,"앞에 양재소가 있어 유래한 이름
"
이당장물,"당장 직함을 가진 이씨가 팠다 하여 유래한 이름
"
감수물,"물이 달다 하여 감수물이라 함
"
양가수,"양씨가 판 샘물이라 하여 붙여진 이름
"
넘나물,"비가 오면 물이 넘친다 하여 지어진 이름
"
알정물,"아래에 있는 정물이라는 뜻
"
웃정물,"우마가 들어가지 못하게 정을 놓은데서 유래한 이름
"
곤물,"고은물로 부르다가 곤물이 되었다는 설과 곶물이 곤물이 되었다는 설이 있다
"
산통물,"넘치는법 없이 늘 그만큼 채워져 있어 살아있는 물이라 하여 연유한 이름
"
가르메물,"사람 머리꼭대기 정수리처럼 생겼다 하여 연유한 이름
"
부개높물,"물고기들이 펄쩍펄쩍 뛰는게 보인다 하여 붙여진 이름
"
몰성괴물,"수산평의 말과 소를 이 포구에서 선적하여 유래한 이름
"
며느리다리물,"한 집 며느리가 밤에 당을 찾아가다 빠져 죽은 후로 연유한 이름
"
색통물,"소들이 즐겨 물을 먹었던 곳에서 연유한 이름
"
앞펄,"앞쪽에 있는 펄 이름을 따서 붙여진 이름
"
주군디물,"군대가 주둔할 당시 그들이 이용한 샘이라 하여 붙여진 이름
"
수전,"조선 초기에 수전소가 있던곳이라 하여 유래된 이름
"
당두포,"오조리 당의 머리쪽에 있는 포구라 하여 붙여진 이름
"
큰개물,"마을의 중심이 되는 큰 포구가 있는 곳에 있어 유래한 이름
"
테우리동산물,"근처의 동산에서 백중제를 지낸데서 유래한 이름
"
배탕개물,"근처에 배탕개란 지명이 있어 붙여진 이름
"
진모살물,"포구 근처에 모래밭이 길게 펼쳐져 있다 하여 붙여진 이름
"
코지산물,"근처에 사람 코의 형상의 바위가 있다 하여 붙여진 이름
"
앞개물,"마을 앞에 자리잡았다 하여 붙여진 이름
"
만물,"근처 바닷가 일대가 조그마한 만을 형성하고 있어 붙여진 이름
"
대머들물,"지형지세가 개의 형국이라 하여 붙여진 이름
"
호근여물,"범의 아가리 형태의 여 근처에 있다 하여 붙여진 이름
"
농개물,"고기를 잡으려 투망하던 목이라 하여 붙여진 이름
"
분드르물,"마을과 멀리 분리하여 떨어진 들판이라 하여 붙여진 이름
"
괸물,"고여있는 물이라는 뜻에서 유래한 이름
"
큰물,"수량이 풍부하고 큰 샘이라는데서 유래한 이름
"
주어미수개미동굴,"다양한 어족이 모여드는 바닷가에 있다 하여 붙여진 이름
"
주어물,"다양한 어족이 모여드는 바닷가에 있다 하여 붙여진 이름
"
모살꼽지,"모래가 많은 구석
"
엉앞물,"바위그늘 앞 바닷가에 있다 하여 붙여진 이름
"
고른참,"대정현과 정의현의 경계선, 참은 5리를 나타내는 거리의 단위로서 말을 바꾸어 타던 장소
"
동물,"새모슬촌락의 동쪽에 있는 샘이라 하여 붙여진 이름
"
조개물,"조개하나 크기만큼 작다 하여 붙여진 이름
"
조선물,"강수량에 상관없이 주기적으로 수량이 늘고 주는것이 간만의 차에 의해 들고나는 물과 같다 하여 붙여진 이름
"
쉬남물,"주민들이 바다에서 일을 마치고 올 때나, 다른 곳으로 일을 보러 갈 때 쉬어가며 물을 마셨던 곳
"
동남물,"냇물이 동쪽으로 흘러간다하여 유래한 이름
"
칭계왓,"밭 모양이 계단처럼되어 불려진 이름
"
돌무깡물,"샘 주변에 돌무더기가 많이 쌓여 있어 붙여진 이름
"
세추맥이,"부락에 큰 일이 나면 종을 쳤는데 종을 달아 매었던 언덕
"
원개물,"샘의 모양이 둥그런 원형이라 하여 붙여진 이름
"
속당모루,"""옛날 조농사가 잘 된다는 지경을 말할 때 조농사 하면 당연히
 속당마루
 라 하여 불려지게 됨 ""
"
들렁머리옆,"낮은 언덕 밑에 있어 붙여진 이름
"
무도못,"샘이 있는 마을의 위쪽에 있다하여 붙여진 이름
"
뱀주리,"""고려말 
 묵호의 난
 을 진압하기위하여 고려 군사들이 
 범섬
 으로 도망간 
 목호
 들을 진압하기 위해 이곳에서부터 
 범섬
 까지 뗏목을 이었다고 하여 불려진 이름""
"
도네기물통,"밀물때면 이곳에서도 물이 솟는다 하여 붙여진 이름
"
할미개,"""할미
 는 만처럼 휘어져 들어간 작은 곳을 뜻함, 그런 포구""
"
멜든통,"멸치가 들어 와 미처 빠져나가지 못해 잡히는 곳
"
괴기물,"장어가 서식하여 붙여진 이름
"
송장사라란빌레,"송장을 불태웠던 암반
"
앙당수,"바다와 경계를 이루는 물이라 하여 붙여진 이름
"
몰망올리는디,"""몰망
 은 해조류의 일종, 몰망이 자주 올라 와 쌓이는 곳""
"
개맡물,"바닷가 포구에서 솟아나는 샘이라 하여 붙여진 이름
"
문다두리코지,"문다두리는 고동의 일종,그 것이 많이 잡히는 곶
"
진세미물,"맑은 샘이 솟아나는 곳이라 하여 붙여진 이름
"
벌러진밧,"벼락맞아 밭이 갈라져서 붙여진 이름
"
황토산물,"황토빛의 물이 난다 하여 붙여진 이름
"
봉안이물,"봉황의 눈처럼 생긴 바위 옆에 있어 붙여진 이름
"
걸매목,"걸매 입구
"
서수포,"바닷물에 육지가 씻기는 포구라 하여 붙여진 이름
"
조름지,"뒤꽁무니를 졸라 매 버렸다하여 유래
"
냇각물,"하천의 끄트머리에 있다 하여 붙여진 이름
"
걸매,"물도랑이 자주 막히는 개울
"
냇붕리,"하천의 봉우리 같다 하여 붙여진 이름
"
내중난밧,"내중-난-밧	나중에 만들어진 밭
"
웃수,"고망물 위에 있는 소(沼)라 하여 붙여진 이름
"
말물,"지형이 곡식을 담는 말(斗)의 모양과 같다 하여 붙여진 이름
"
물곱은밧,"빗물이 잘 빠지지 않은 밭
"
앙강물,"경계를 이루는 물이라는 암곰물이 변형된 이름
"
망냉이왓,"막내아들이 살았던 곳이 있는 밭
"
고망물,"바위틈 구멍에서 물이 솟는데서 연유한 이름
"
덩더렁우영,"""덩더렁
 은 짚이나 대를 다루기 위한 둥그런 돌이다. 덩더렁으로 이루어진 텃밭""
"
배등개물,"포구에서 출어하는 배들이 이 샘에서 물을 길어간데서 유래한 이름
"
궷물,"바닷가 근처 천연동굴(궤)에 연못처럼 물이 고여있어 붙여진 이름
"
하논케,"""하논
 이 있는 지역""
"
넙빌레물,"암반이 넓게 깔린 곳에 샘이 있어 붙여진 이름
"
멀천통,"통모양의 바위가 있어 붙여진 이름
"
하논,"논이 많은 지역 / 지역의 명칭 
"
새보름코망,"새 부리처럼 생겼다 하여 붙여진 이름
"
연제골,"제비가 알을 품은 형상의 지형
"
보말동물,"지형이 보말같다 하여 붙여진 이름
"
몰질,"말들을 몰고 내려오던 길
"
앵고무랑여물,"바닷가 주변의 여 이름을 따 지어진 이름
"
가막여물,"검은빛의 여가 많아 붙여진 이름
"
몰물도,"방목중인 말들이 물을 먹을 수 있게 냇물을 막아놓은 곳
"
사발통,"사발모양의 여에 샘이 난다 하여 붙여진 이름
"
분토왓,"말똥이 많이 쌓여 있던 밭
"
영등물,"영등할망의 이름에서 유래된 이름
"
제석동산,"제석은 농신을 뜻함, 마을제를 지냈던 동산
"
팔통물,"팔통이라는 샘의 근처에서 난다 하여 붙여진 이름
"
모살앙코지,"모래밭에 샘이 난다 하여 붙여진 이름
"
종재기 동산,"종지 모양의 지형
"
전쟁이물,"잠수들이 쉽게 물질할 수 있다 하여 붙여진 이름
"
섯산물,"바닷가 돌틈의 작은 샘에서 유래된 이름
"
건두루물,"시원한(건드르) 물이 나온다 하여 유래한 이름
"
베리왓,"지형이 벼루처럼 생긴 밭
"
쇌앗개,"소가 있어야 밭을 갈 만큼 큰 밭의 근처에 있다 하여 붙여진 이름
"
성또질,"성또로 가는 길
"
세기남도질,"세기나무가 입구에 있는 길 
"
정또,"정낭이 있는 목장 입구
"
들렁모루,"들음돌 같은 큰돌이 얹어져 있는 동산
"
황토개입구,"황토가 있는 곳에 샘이 있다 하여 붙여진 이름
"
포젯동산,"""포제
 를 지내는 제단이 있는 동산""
"
황토개,"황토가 있는 곳에 샘이 있다 하여 붙여진 이름
"
버서진임댕이,"벗겨진 이마의 뜻으로 민둥 동산
"
광대원물,"근처에 큰 원(원담)이 있다 하여 붙여진 이름
"
정무시동산,"정방폭포 위에 수원지가 있는 동산
"
곳띠물,"언덕위에서 물이난다 하여 붙여진 이름
"
셍게,"승아
"
성항골,"이지역 일대가 항아리처럼 움푹들어간 지형
"
절간물,"샘 주변에 사찰이 있어 붙여진 이름
"
신영물,"신령이 깃든 물이라 하여 붙여진 이름
"
진굽밧,"""진
 의 성을 쌓아올릴때 기초석이 있었다는 뜻으로 
 진굽
 이 있던 밭""
"
예지물,"근처에 여자(예지)신이 지키는 당이 있다 하여 붙여진 이름
"
가매물,"말이 목이 말라 물을 마시는 형국이라 하여 붙여진 이름
"
가시머리,"""소 등에 올려놓았던 질메/진매가지가 있는데 모양이 비슷하여 
 가지머리
 로불리다가 가시머리가 되었다""
"
엉물,"바위그늘 속에 있는듯 하여 붙여진 이름
"
산물어위,"생수가 나는 둘레
"
도구리물,"근방의 갯바위가 함지박을 닮았다 하여 연유한 이름
"
작지왓,"작은 돌맹이가 많은 밭
"
장수원,"일대 바닷가에 천연지하수가 솟아나는 샘이 수십곳이 있어 붙여진 이름
"
자릿여,"자리가 많이 모여드는 곳
"
할망물,"이 물의 민물새우를 잡아먹으면 출산시 고통이 덜하다 하여 붙여진 이름
"
담머리코지,"돌을 이용해 쌓아놓은 시설물의 머리 부분 
"
큰서림물,"제주 서쪽에 자리잡은 숲속 샘이라 하여 붙여진 이름
"
모도리코지,"""모도리
 는 고기로서 
 빗게
 의 일종, 이 곳이 모도리의 산란장에서 유래""
"
드렛물,"이 일대에 샘이 있어 연유한 이름
"
큰산물,"수량이 풍부한 생수라 하여 붙여진 이름
"
괴기덕,"고기의 뜻으로 고기가 잘 잡히는 곳
"
구명물,"물 솟는 소리가 비둘기 울음소리 같아 붙여진 이름
"
족쟁이여,"족제비처럼 생겨 붙여진 이름
"
산지물,"바위틈에서 생수가 흘러나와 붙여진 이름
"
눈마진여,"바위들이 눈이 내려 쌓인 것처럼 보여 붙여진 이름
"
모살물,"모래가 많은곳에 있어 붙여진 이름
"
네성제돌,"큰 바위 네 개가 형제처럼 있어 붙여진 이름 
"
각시알물,"새색시같이 생긴 바위 근처에 있어 붙여진 이름
"
진여깍,"""진여
 의 가장 남쪽에 있다하여 붙여진 명칭""
"
빌레물,"현무암 암반지대에서 나는 물이라 하여 붙여진 이름
"
군물,"군인의 식수로 이용되었다 하여 붙여진 이름
"
진여,"""진
 은 길다의 뜻으로 길게 이어진 여""
"
기정물,"절벽 아래 샘이 있어 붙여진 이름
"
엉덕물,"바위그늘 밑에서 난다 하여 붙여진 이름
"
구녕물,"바위틈에서 솟아난다 하여 붙여진 이름
"
고망난돌,"""고망
 응 구멍을 뜻함, 바위에 구멍이 난 모양""
"
돈입물,"산이수동 돈입 바닷가에 있다 하여 붙여진 이름
"
들물꼭지,"밀물일 때 그 영향이 뚜렷하게 미치는 곳
"
산이물," 살아있는 물이라는 뜻
"
섬등얼,"""등얼은
 등
 을 뜻함, 섬 중심에서 볼 때 등 
 들물꼭지
  쪽이다 ""
"
포리물,"푸른 해초가 많이 붙는다 하여 붙여진 이름
"
구시물,"샘의 형태가 소의 여물통을 닮아 붙여진 이름
"
가운디몰리,"양쪽은 평평하고 이곳에만 마루를 이룬 형상
"
생이물,"유달리 새가 많이 모여든다 하여 붙여진 이름
"
골체에움,"삼태기 테두리모양처럼 생긴데서 유래
"
홍물,"항문처럼 샘이 있다 하여 붙여진 이름
"
바른물,"앞에서 물이 난다 하여 붙여진 이름
"
굼부리,"산 중턱 위에 우묵하게 패인 곳(분화구)
"
벵듸,"평평한 들판
"
봉오지,"서귀포시 보목동 앞 바다에 있는 축섬의 맨 위 봉우리(지명)
"
비애기부리,"병아리 부리
"
동군자지갈오지,"물살이 갈리는 곳을 갈오지라 한다. 
"
애기산,"아기무덤
"
앞걸,"마을 앞 쪽에 있는 도랑
"
버난지,"파도에 의해 뿌리째 뽑힌 미역
"
너북여,"둥굴넓적한 곳
"
지충나는여,"""지충
 이라는 바다풀이 많이 자라는 곳""
"
머흘,"밭 등을 가는데 장애가 되는 땅에 박힌 돌 따위
"
장테,"양푼 모양으로 그보다 크게 만든 질그룻
"
새비여,"여 사이가 비여있는 듯이 갈라져 있는 곳
"
누금,"밥주걱
"
돈물깍,"단물이 바다 끝에서 나오는 곳
"
게와,"호주머니
"
조짝여,"""뾰족하다
 의 뜻으로 그런 모양의 여""
"
곤여물,"봉천수
"
고비여,"""고비싸지다
 둥그렇게 에워싸여 있다는 뜻으로 바위들이 그런 모양을 하고 있는 형상 ""
"
암피여,"""암피
 는 암전복을 뜻함, 암피는 너럭바위에 붙어 있는 수가 많다.""
"
벙에,"흙덩이, 볏밭
"
앞톤여,톤은 톤나다에서 유래 다르다의 뜻이다. 썰물은 동쪽에서 서쪽으로 흐르는데 앞톤여는 동쪽으로 흐른다 하여 붙여진 이름
불미대장,"풀무장이
"
독게통,"""독게
 는 왕새우을 뜻함, 독게가 많이 서식하는 곳""
"
돌켕이,"등과 배의 딱지가 매우 단단한 게의 한 종류
"
칙도부인,"측간을 관장하는 신
"
적베지,"명왕(冥王)의 명(命)을 기록한 문서
"
천리,"묘를 옮기는 것(移墓)
"
존경내,"소나 돼지를 만지거나 먹었을 때 풍겨나는 냄새
"
올래직이,"정주목신.  기둥직이라고도 함
"
몰씸원,"썰물 때 바닷물이 바싹 말라버리는 원 
"
구두미,"거북이 머리를 닮았다고 붙여진 이름
"
귀영여,"해상에 바닷물 위로 솟은 암석
"
동애기,"""아귀의 입과 같이 동쪽은 넓고 서쪽은 협소하다 하여 
 동아귀
 가 와전되어 불림""
"
배드린개,"선박들이 정박하고 배를 매는 포구
"
군두물,"지원군을 실은 배가 도착한 곳
"
연찻물,"부정한 것을 씻어내리는 물
"
생괭이덕,"""생괭이는 
 새끼구젱기를 뜻함, 생괭이가 많은 곳""
"
산받음,"무속에서 심방이 신앙민의 소원에 따라 점을 치고 신의를 알아내고, 그 신의 명령대로 신앙민에게 알려 주는 일
"
쌈싸니코지,"왜선들이 침범하여 격렬한 싸움을 벌였다하여 쌈싸니라 한다. 그곳에 곶이 있어 붙여진 이름
"
벨롱겡이,"일 년 동안 집안의 행운을 비는 굿의 명칭
"
누알,"망을 보던 누각 아래 낮은 해변을 누알이라함
"
곰박눈,"구멍이 숭숭 뚫인 바가지처럼 옴폭패인 눈이란 뜻이다.
"
너리,"평평한 바닥돌이 드넓게 펼처진 곳
"
거무영청굿,"칼춤굿으로 백정 집안에서 자손의 안녕과 가업의 융성을 빌기 위해 행하는 제주도 심방굿의 하나다.
"
삼동걸이,"시불통개와 같은 용어임
"
시불통개,"시불은 흙판인 토레미를 세 개 붙인것으로 웃통개보다 작은 항아리이다.
"
구상남,구상나무
장테왓,"장테는 둥굴넓적하게 생긴 질그릇, 장테처럼 생긴 밭""
"
세덕앉은밭,설문대할망의 솥을 얹어 밥을 지었던 밭
틀낭,산딸나무
가메기낭,까마귀베개
가마귀오동남,까마귀베개
가메기멀리,까마귀머루
빈동낭머체,"빈동낭은 친선나무, 그 나무가 많았던 들녘
"
청조쿨,김의털아재비
쉐터럭,김의털
쉐곤밥,긴미꾸리낚시
피낭,굴거리나무
흠치,"두 곳 사이에 홈이 진 듯한 바닥을 이루는 깊은 곳을 말함
"
굴케낭,굴거리나무
굴거리낭,굴거리나무
장귀돌레,"장고 모양의 작은 밭
"
셍이독낭,국수나무
셍이독가리,국수나무
셍이독꾸리,국수나무
문드린돌,"문드리다 떨어뜨리다. 잃어버리다의 뜻으로 금방 무너질것 같은 바위
"
조밤낭,구실잣밤나무
시왕,"저승과 이승의 생명을 관장하는 신
"
제밤낭,구실잣밤나무
설베,"운상할 때 상여에 매어 앞으로 잡아다는게 만든 참바
"
머을동산,"머을은 땅에 박혀 지상에 많이 노출되어있는 암반이 있는 동산
"
생빈눌,"민간신앙에서 치르는 장례풍속의 하나
"
살피왓,살피는 거칠고 성긴 모양을 뜻하며 그런 모양의 밭
구상낭,구상나무
수리대,구릿대
구렁대,구릿대
사남굿,"혼(魂)을 위로하는 굿
"
감셍이설체,"설체는 마을에서 멀리 떨어진 들녁, 또는 돌무더기와 잡목이나 덩굴이 많은 구릉지대
"
불찍굿,"화재가 발생하면 그 후환을 없애기 위하여 비는 굿의 명칭
"
구리대,구리때
개고치낭,구기자나무
일본고치낭,구기자나무
궤불낭,괴불나무
뽀롱쇠,"울쇠의 일종
"
괴불낭,괴불나무
덤벌왓,"농사를 짓지 못하는 가시덤불이 우거진 밭
"
상고지,사초
고냉이풀,괭이밥
중통,"스님들이 멱을 감던 곳
"
소금장시풀,괭이밥
생이연줄,괭이밥
고냉이할미,괭이밥
가마귀연줄,괭이밥
물막개방쉬,"빨래방망이로 하는 방사의 뜻으로 위급한 환자가 발생했을 경우 치르는 제의
"
개먹풀낭,광나무
간남,광나무
멩감,"정월에 행해지는 한 해의 행운을 비는 굿
"
꽝낭,꽝꽝나무
막개낭,곰의말채
말코지집,"하루 사이에 짓고 입주하는 집
"
망보는돌,"망보는-돌	소나 말을 방목할 때 망을 보았던 곳
"
마께낭,마가목
솔낭,곰솔
모루왓질,"언덕진 밭 옆으로 난 길
"
말명,"심방들의 입에서 나오는 점괘 등을 일컫는다
"
쐐배낭,고추나무
폿볼레,팥알만금 작은 보리수나무의 열매
모루왓,"언덕진 밭
"
마불림제,"장마가 끝난 뒤에 습기로 인한 곰팡이 등을 싯으려는 당신의 신의청소제의. 음력 7월에 행해지는 당굿의 하나임
"
고소,고삼
지름쟁이왓,"기름진 밭
"
너솜,고삼
쓴너삼,고삼
뒷칠성,"밧칠성으로 가내 풍요를 가져다 주는 신
"
허벅이동산,"거북이가바다쪽을 향하여 절하는 모양이라하여 붙여진 이름
"
고베기,고비
밀대,고마리
왜낭모루,"큰나무가 누워있는 모양의 동산 
"
밀낭,고마리
두린굿,"정신질환 환자를 치료하는 굿
"
고냉이풀,고네할미
거린초남,두갈래로나누어진 참나무가 있는 지경
돈짓당,"어부,해녀,어선 등 해상의 일들을 관장하여 수호하는 신을 섬기는 당
"
끅정당,계요등
도채비방쉬,"무속의 일종으로 그 해 운수가 나쁘다고 판단이 내린 사람이 그 사람 모습대로 허수아비를 만들어 액막이를 하는 것을 말한다.
"
마령아,계요등
개정동,계요등
노루탈,겨울딸기
저슬탈,겨울딸기
내왓당,"냇가의 밭에 위치한 신당
"
거문재낭,검은재나무
가막탈낭,검은딸기
검은탈낭,검은딸기
곱가름,"사리를 분별하여한계를 짓거나 구분하는 것
"
개옷낭,거먕옻나무
기메,"무속제의 때 사용하는 것으로 백지를 사람 모양 비슷하게 오리고, 대나무가지로 기(旗)처럼 매단 것
"
안자리쿨,갯취
구삼승,"제주도 무속에서 저승의 아기를 맡고 있는 신
"
버듸낭,갯버들
관세우,"굿을 여러 날 행할 때  심방이 청해 모신 신들에게 아침마다 신들이 일어나게 하고 의관을 정제시킨다는 제차이름
"
버들개지,갯버들
배부레기,갯메꽃
개꼿낭,갯메꽃
베체기,질경이
보께기,개자리
가자리,개자리
개자리쿨,개자리
개엿구,개여뀌
개당,"바닷가에 있는 당
"
쉐당,"목축을 관장하는 신을 모시는 당
"
몰엿귀,개여뀌
구실할망냄,"액막이의 한 방법
"
개엿귀,개여뀌
진낭솔새,개솔새
허재비,"허수아비
"
궁적소새,개솔새
셍이웨줄,개승마
몰그랑,"연자매
"
가마귀웨줄,괴승아
홍짓대,"홍두깨
"
벨꽃,개불알풀
콩풀,개불알풀
글갱이,"갈퀴
"
고냉이멀위,개머루
고냉이멀리,개머루
진호미,"길이가 긴 낫
"
개도레낭,개다래나무
게가비,개나리
낭갈레죽,"흙을 파서 헤치고 던지는 나무로 만든 가래
"
개가시낭,개가시나무
죽젓광이,"남죽
"
보리탈낭,가시딸기
가시탈낭,가시딸기
솔박," =좀팍
"
밀푸께,땅꽈리
셍괴낭,가막살나무
좀팍,"나무를 타원형으로 둥글고 납작하게 파서 만든 작은 바가지
"
얼루레비낭,덜꿩나무
돔배,"도마
"
쿳가시낭,꾸지뽕나무
제낭,노린재나무
낭쟁반,"나무 접시 
"
서릿낭,서까랫나무
봉애기,"깨,유채등을 볶은 후 압축시켜 기름을 뽑아내는 틀
"
상까지,향가지
상낭,향나무
사닥낭,생달나무
앞다지,"반닫이
"
베염푸기,비목나무
상돌,"돌향로
"
쉐게낭,팥배나무
모세낭,새우나무
앞돌,"그물추
"
돔박낭,동백나무
돗도고리,"돌을 둥글고 넓적하게 파서 만든 돼지먹이용 함지박
"
복닥낭,예덕나무
다근재기낭,예덕나무
고레수기,전나무
돌구시,"돌구유
"
검북낭,풍개나무
개뽕낭,산뽕나무
덩드렁마께,"짚을 두드리는 방망이
"
드릇뽕낭,산뽕나무
돌도고리,"돌로 만든 함지박
"
족낭,때죽나무
반두어리,후박나무
비지낭,비자나무
곰돌,"콧돌이라 하며 밭을 갈아본적이 없는 송아지에게 밭갈이를 가르치기 위하여 쟁기 대신에 묶고 밭을 오가며 연습시키는 돌덩이
"
솔피낭,쇠물푸레나무
고드랫돌,"산듸짚을 재료로 가늘게 꼰 노를 감아 넘길 수 있도록 만든 석공예품
"
조롱낭,조롱나무
녹낭,녹나무
돌테,"파종후 씨앗을 단단히 밟아주는 도구
"
머쿠실낭,멀구슬나무
수용통,"물통의 일종
"
문초리,"문받침돌
"
소리가시낭,종가시나무
돌화덕,"돌풍로
"
북가시낭,북가시나무
저배낭,구실잣밤나무
창곰,창에 뚫린 구멍
굽돌,"임시로 밑바닥에 바치는 돌
"
큰메,"쇠로 된 무거운 망치
"
작지캐,자갈들이 많이 있는 해안가
다다미,"다듬잇돌
"
곰돌랭이,돌고래들이 많이 있는 곳
구린내,하천의 밑바닥이 괴형태인 지형
몰방에,"말방아
"
도리장,소나 말을 방목하던 곳으로 국마장에 제외된 곳
머세,농사를 지을 수 없는 척박한 땅
돌화리,"돌화로
"
고령밭,떡 차롱 모양의 밭
등경돌,"솔칵돌과 같은 용어이며 다른 지방에서 주로 사용하는 용어임
"
양애굴왓,양하가 많이 있던 밭
솔칵돌,"돌등잔대 * 주로 제주도에서 사용하는 용어
"
물팡,"물동이를 올려놓아 두는 대
"
죽절벵,"물을 넣기도 하나 주로 술을 담아두는 병
"
밴밭,비가 오면 물이 고여(배여)있는 밭
셋잽이,"속이 깨끗한 것은 법벅등 음식물용으로 애용되었으며 거친 것은 세면용으로 사용.
"
코동이,"경조사에서 밥을 담거나 탁주를 나눠 마실 때 사용
"
개장태,"허벅중에 아가리 부위가 두 겹으로 되어 있는 것.
"
둑개,"뚜껑의 일종으로 항아리나 시루등을 덮었다.
"
타호,"침을 뱉어 놓는 그릇의 일종
"
노란코사발,"물·기름·술 따위의 액체를 옮겨 담을 때 사용
"
지세요강,"검은굴에서 소성된 것으로 값이 저렴하여 서민들이 애용.
"
허벅망데기,"제주사람들이 가장 많이 애용했던 것으로 씨앗, 물, 탁주 등을 보관
"
대황,"큰 항아리
"
골매왓,기러기가 많이 있었던 밭
개물벵듸,물이 말라버린 넓고 평평한 밭
쉬엉목,들녘에 갔다 오다가 쉬는 팡
웃통개,"제주항아리중중 가장 기본이 되는 것
"
쉐똥빌레,지대가 높아서 소가 똥을 싸고나서야 올라갈 수 있는 밭
벳대왓,배의 돗대처럼 길쭉한 밭
자운당,당이 왼쪽에 있는 동네
코허벅* 이런 기구명은 없음,"허벅이나 방춘이에는 손잡이가 없는데 손잡이를 붙이면 코라는 명칭을 붙임
"
톡생이,지형이 달걀모양처럼 생긴곳
당처물,당이 처음 있었던 곳
허벅능생이,"씨앗 보관용 동이
"
무낭굴,느릅나무군락지
여드렛당,8일째 찾아가는 당
정술내,우물 물이란 뜻
남당,해신께 제를 지내는 곳
와굴,기와를 구웠던 굴
구랭이왓,지형이 마치 구렁이와 같아서 붙여진 이름
엉장매코지,암석이 험하다 하여 붙여진 이름
쇠피리동산,목동이 피리를 불었다 하여 붙여진 이름
산물남우영,산귤나무가 있었다 하여 붙여진 이름
베락동산,벼락이 떨어졌던 데서 붙여진 이름
못벵디,"못이 있던 들판
"
된술,"동쪽에 짙은 숲이 있던 데
"
돗질왓,돼지들이 잘 다니던 길
노란허벅방춘이,"간장이나 탁주를 보관하던 동이
"
국드르왓,들국화가 만발했던 넓은 밭
바릇허벅,"남자들이 지고 다니던 물동이. 맞춤허벅임
"
(노랑) 허벅,"노란굴에서 구은  물동이
"
(노랑)대배기,"노랑대배기는 노란굴에서 구은 것을 가리키지만 통상적으로 부르는 명칭은 아님
"
먹돌,"아주 단단하고 매끄러운 돌
"
길트다(으변),#NAME?
끼각거리다,찌걱거리다
기피다,⇒거피다
기치다,⇒그치다
기차지다,끊어지다
기차보리다,끊어뜨리다
기죽다,용기가 없다
기여나다,집을 떠나다
기실이다,⇒그슬이다
기맥히다,기막히다
기기호다(여변),⇒게게호다
끙물다(ㄹ변),힘차게 물다
끗뽈다(ㄹ변),끝빨다
끗모치다,끝마감하다
끗다,끌다. 껄다
금지호다(여변),⇒금세호다
글투다,새가 알을 낳으려고 몸에 힘을 주다
글근대다,근대다
귿다,걷다(步). 가다(行)
근다,끌어 모으다
끄리다,꾸리다
그피다,⇒거피다
그치다,#NAME?
그슬이다,#NAME?
그슬다(ㄹ변),그을다. 그슬리다
그리다,없는 것을 그리워 하다
그르치다,틀리다
그닥이다,⇒그닥거리다
그닥거리다,#NAME?
그늘루다,그느르다
뀌다3,①빚다. ②흙을 이기다
뀌다2,꿰다(實)
뀌다1,꿈꾸다
귀테우다,은밀하게 알려주다
귀막다,귀먹다
귀다,①끓다. ②술에 거품이 일다
권작사다,⇒곤작사다
궁글다(ㄹ변),딩굴다. 놓은 물건이 흔들리다
굿올리다,#NAME?
굽다,엎디다. 굽히다
꿈보다,꿈꾸다
굴각거리다,울걱거리다
굴다(ㄹ변),녹이다. 호호 불다
꾸적이다,무른것을 이겨 뒤섞다
꾸러박아지다,‘구러박아지다’의 센말
구투다2,낭비하지 않고 저축하다
구투(굳후)다1,굳히다. (使固)
구을다(ㄹ변),구르다
구울리다,위협하다 누르다
구완호;다(여변),돌보다. 구원하다
구실호;다(여변),①몸하다. ②마마를 앓다
구숭호;다(여변),불평을 말하다
구서살다(ㄹ변),부자유하게 지내다. 괴롭게 지내다
구박거리다,꾸벅거리다
구러지다,⇒구러박아지다
구러박아지다,=구러-지다=꾸러박아-지다. '‘거꾸러' '박히다’를' 얕잡아 말하는 것
굉이지다,못 박이다
꾀이다,꼬이다
꾀우다,‘괴우다’의 센말
괴우다2,고이다. 괴다
괴우다1,꾀우다. 끓이다
괴다2,귀애하다. 사랑하다
괴다1,꾀다. 끓다
괄세호;다(여변),괄시하다
공상호;다(여변),위하다
곳사다,⇒고쩌사다
곳다,얼어 바탕이 상하다 (凍傷)
곱지다,숨기다. 감추다
곱다2,손발이 시려서 움직이지 아니하다
곱다1,숨다
곰지다,곰기다
꼴성그리다,#NAME?
골흐다(으변),곯다
골르다2,고르다
골르다1,⇒고르다
곤작사다,#NAME?
꼬주다,①꽂다. ②배가 찌르듯 앓다
꼬들부다,일을 밝히다
고투(곧후)다,곧추다
고찌다,고치다
고지바수다,빈틈없이 더돕다
고조호;다(여변),보태어 돕다
고쩌사다,#NAME?
고애호;다(여변),⇒고견호;다
고비지다,구겨지다. 주름잡히다
고른배기치다,‘빅다’를 힘 있게 말하는 것
고르다(르변),#NAME?
고렴호;다(여변),⇒고견호;다
고들보다,겨루다. 돌보다
고남호;다(여변),강평(講評)하다
겝지다,낟알을 잘게 쪼개다. 타다
께우다2,알을 까다(孵化)
께우다1,깨우다
께수다,뚫어 들어가다. 스미다 (透浸)
께다2,패다(割木)
께다1,깨다(醒)
게틀루다,트림하다
게죽거리다,께죽거리다. 께지럭거리다
게움호;다(여변),질투하다
게우다,먹은것을 뱉다
게심먹다,⇒게먹다
게부호;다(여변),(改夫). 개가(改嫁)하다
게먹다2,마찰되어 닳아지다
게먹다1,#NAME?
겅충거리다,거들먹거리다
것잡다,결점을 캐다
겁다(ㅂ변),손을 대다
검추다,탐내어 주어 가지다
걸짝거리다,너털거리다
걸어지다,관계있다. 관련되다
걸버무리다,관계하다. 남녀사이에 정교(情交)를 하다
걸리다,노로 잡다
거르다(르변),거르다
걸루다3,시험하여 묻다
걸루다2,걷게 하다
걸려메다,노로 잡아매다
걸러지다,거꾸러지다
걸귀지다,몸이 여위다
건불리다,땀 들이다
건밀리다,⇒건밀다
건밀다(ㄹ변),#NAME?
건두대기다,⇒건두다
건두다,#NAME?
거피다,#NAME?
거찌다,손을 대다. 건드리다
거을어지다,사이가 서로 좋지 않게 되다
건나다,건너다
거실이다,⇒거슬이다
거실다(ㄹ변),⇒거슬다
거시리다3,돈을 덜다
거시리다2,⇒거스리다2
거시리다1,⇒거스리다1
거슬이다,#NAME?
거슬다(ㄹ변),=거실다. ①싫어하다. ②건드리다.
거스리다2,#NAME?
거스리다1,#NAME?
거리차다,자빠지게 하다. 눕히다
거리다2,긷다(汲). 건지다
거리다1,여러 갈래로 갈라지다. 번식하다
거들부다,일을 서들다
거들러기다,꺼떡거리다
거둡다(ㅂ변),거두다
거두대기다,일을 거두어 여무지게 하다
거니나다,이름 나다
거느리다,이름을 일컫다. 어떤일을 가리켜 말하다
거눌르다(르변),보살펴 키우다
거놓다,아직 준비를 못하다
거끼다,#NAME?
갱기다,①감기다. ②감개를 감다
감장돌다(ㄹ변),맴돌다
갈르다(르변),가르다
갈라지다2,#NAME?
갈라지다1,헤어지다. 나뉘어지다
간상부리다,야죽거리다
각트다(으변),각뜨다
까불리다,까불다
까먹다,나이를 먹다. 이기다
까들락거리다,⇒까닥거리다
까닥거리다,#NAME?
까끄(깎으)다(으변),깎다
가프(갚으)다(으변),갚다
가치다,가두다. 수금하다 (囚禁)
가불다(ㄹ변),닳다. 꽃이나 채소 같은 것이 다 떨어지다
가물다(ㄹ변),#NAME?
가리치다,잡아뜨려 눕히다. 엎어진 것을 근본대로 고쳐 놓다
가리다,끝이 여러갈래로 갈라지다
가두다,냄새나 연기 같은것이 사라지다. 숨이 끊어지다. 물이나 피 같은것이 흐르다가 그치다
일고여답,일여덟
예실곱,⇒예슬곱
예쉰,⇒여쉰
예슬곱,#NAME?
여쉰,#NAME?
여답,여덟
여나문,열아문
언매,⇒선매
싯,셋
쑤물,스물
선매,#NAME?
벡,백(百)
멧,몇
지,⇒이녁2
저사름,⇒이녁1
저디,저기
저거,저것
이디,여기
이녁2,#NAME?
이녁1,#NAME?
이거,이것
요디,요기
무시거,⇒무스거
무스거,#NAME?
늬네,⇒너내
늬,⇒느
느네,⇒너내
느,#NAME?
누게,누구
너네,⇒너내
너내,#NAME?
그디,①거기. ②그대
그거,⇒거
거,#NAME?
홍애,⇒히멩이
혼탄,한탄(恨歎)
혼소,한사(限死)
혼,한(恨. 限)
호;미,⇒히멩이
호;메,⇒히멩이
흘레,동물의 교미(交尾)
흑질,벽이나 지붕에 흙을 바르는 일
훗매,몰아 때리는 매
훗맛,뒷맛
훌터수니,위협하여 꾸짖는 것
흘림,남의 행동에 휩쓸리는 것
훈적,거짓말
훈기,뜨거운 기운
훈,훈수(訓手)
후림때,⇒엄청 큰 소리
후끗,후려(後慮)
회계,생각
홰걸음,황급한 걸음
활롱,유통(流通)
화란상구,환난상구(患難相救)
궁글리다,놓은 물건을 흔들리다
거을다(ㄹ변),반대하다
화덕,불을 피우기 위하여 만든 단
홀독,(獨) 홀로독
호퉁이,큰 소리로 꾸짖는 것
호소,⇒호시
현용,⇒선용
개헤치,개띠(戌年生)
납헤치,원숭이띠(申年生)
몰헤치,말띠(午年生)
미리헤치,용띠(辰年生)
범헤치,범띠(寅年生)
헤치1,허채(許採)
홍애,붉은 꽃
홋,홑(單)
홈댕이,#NAME?
혼정,혼령(魂靈)
호움질,홈질
돗헤치,돼지띠(亥年生)
정남헤치,염소띠(末年生)
베염헤치,뱀띠(巳年生)
톳헤치,토끼띠(卯年生)
쇠헤치,소띠(丑年生)
헤치2,출생한 해를 간지(干支)로써 구별하는 것. 띠
미역헤치,미역 캐는 것을 허하는 것
헤차귀,양지 바른 곳
헛치기,거짓
헛질,보람 없는 길
헛손,의식 없이 움직이는 손
헛말,#NAME?
험벅,피륙 조각
헐금,헐한 값
헉밥,흙밥
허제비,허수아비
허멩이문세,소용없는 문서
허깽이,⇒사깽이
한통,한창 때. 한가운데
한지,한데(露天)
하찔,하낄(下等品)
하위염,⇒하외염
하세,하시(下視). 나무람
하리,할인(割引)
하늘님,하느님
하근일,⇒하간일
하근거,⇒하간거
하간일,#NAME?
하간거,#NAME?
피탁,핑계
피상,비상(砒霜)
미역풍종,미역 운반을 도와주는 일
푼체,⇒부체
푸체,⇒부체
푸답,푸새. 옷에 풀을 먹이는 일
표적,⇒페적
포앙,⇒포신
포신,#NAME?
포숭년,연거푸 거듭되는 흉년
펭장,평토장(平土葬)
펭,평(平. 評)
펜심,편드는 마음
펜리,편리(便利)
펜,편(便. 片)
페적,=표적. ①표목. ②특징. ③옷의 오점(汚點). ④흠. 헌데자리
펄,⇒짐퍽
팡,댓돌. 드딤돌. 물건을 얹어 놓는 대(臺)
팔제,#NAME?
톨팔,맨 몸. 아무것도 안 가진 몸
톨구지,⇒톨고지
트멍,⇒어이
퉁돌아니,퉁으로 만든 인상(人像)
톱고루,톱밥
테도리,바위
몰테,말 떼
손테,손 때
털쎄,남의 지위를 배경으로 하는 것
클일,기곗일
큰체,⇒큰양
큰양,#NAME?
쿰일,삯일
쿰,①삯. ②품(懷)
베코지,배 앞 끝
신코지,신 앞 끝
코쟁이,끝이 뾰죽한 것
코막은소리,콧소리
칸내,단내
촌일,하루 찬 일. 어른 한사람일
촌말,자긍하는 말
초레,①차례. ②벌(친척 관계). ③줄. ④섟
칭계,⇒칭겁
칭겁,#NAME?
칙,칙서(勅書)
치분,치약
출물,행사때에 제공하는 음식물
최,초(洋燭)
촌테,시골태도
초리2,표류(漂流)
초력,#NAME?
쳇번,첫 번
체얌,처음
천제,천자문(千字文)
처데,짓
베창,배 밑창
구들창,구들 바닥
참예,참여(參與)
착비낌,책받침
착,짝
존섬,남을 돌보아 주는 마음
조취,⇒조숙
조엽,⇒재엽
조봉,⇒제봉
조미,⇒제미
조롬,마지막. 끝
조놈,보지락. 농촌에서 비가 내린 분량을 헤어라는 단위
조금,간지럼
징거,증거
누구짓 아이,누구집 아이
집탈,트집
짐퍽,#NAME?
짐,김(蒸氣)
질컬음,길 걸음
질,길
짇을낭가지,장작개비
찍시,⇒찍
찍,⇒적시
찌끄레기,#NAME?
지침,기침
지질징,실증
지지게,기지개(欠伸)
지싣물,⇒가지물
지성귀,#NAME?
지름질,거적 짜는 일
지레,키(身長)
지렁내,#NAME?
지럭지,⇒지러기
지러기,#NAME?
쥐이고망,쥐구멍
감제쥐시,고구마찌꺼기
술쥐시,술찌꺼기
중참,도중에서 갈아서 옮기는 것
중진,⇒중메
중메,#NAME?
중간치기,중간따기
먹을 중,먹을 줄
중,줄(까닭의 설명. 방법. 수단등을 말하는것)
준지,진주(眞珠)
주칙,규칙(規則)
주천석,술이 샘솟듯 나오는 돌 (酒泉石). 유리국 왕자 제주도 표착 전설에서 나온것
주제 벗어지다,되지 못하다
주제 넘다,되지 못하다
주제,사람을 깔보는 데 쓰는 말
주정,규정(規定)
감쥣주시,감주찌꺼기
지름주시,깻묵
둠비주셍이,두부찌꺼기
주리돈,⇒우스리
주리,⇒우스리
주레,주리(周牢)
주낫질,주낙질
종,농작물 재배중임을 표시하기 위하여 밭에 꽂은 장대
좀메,어린애가 주먹을 쥐고 펴고 하는것
졸멩이,그중에서 작은 것. 용렬한 것
쪽지,#NAME?
족혼거,쓸모 있는 것
족,죽(열 개.)
쪼닥사니,⇒쪼다가리
쪼다가리,⇒쪼2
쪼껀,조건(條件)
쪼2,#NAME?
조통,교통(交通)
조지,모춤(束)
조새,재롱
조섭,교섭(交涉)
조문,조상(弔喪)
조리,뼘
조데,교대(交代)
젱거,버림받은 신세가 되는 것
제주,재주
제월제,제사를 위한 재산. 짙은 철량
제봉,#NAME?
제단,재간(才幹)
제간,재주 부리는 것
제2,자 l (子l]
제1,①재(灰). ②계(契). ③결점
정험,경험(經驗)
정치,경치(景致)
정체,몸가짐
정찰,경찰(警察)
정우,경우(境遇)
정술낭,⇒정2
정솔,경솔(經率)
정비,경비(經費)
정문,⇒정1
정메,경매(競賣)
정난짓,⇒정난버릇
정난버릇,#NAME?
정게,#NAME?
정2,#NAME?
정1,#NAME?
접상,⇒점상
접,겹(複)
점상,#NAME?
점체,점친 삯
절,①결(節理). ②결(사이)
전체,까닭
전주리,여러 조각으로 찢어진 것
전정,⇒전장
전장,#NAME?
전상,지나는 형편
전렴,전염(傳染)
전대전상,대대로 전하는것(傳代 傳承)
전내,⇒저린내
적시,⇒나시
저제,저자(市)
저린내,#NAME?
저를,⇒저르
저르,⇒어이
장석,앓는 사람이 못견디어내는 소리
장밭,장지(葬地)
장내기,⇒놀림
장남살이,⇒더살이
장게,장가
잣,성(城). 돌을 많이 쌓은 담
작벡,자갈을 쌓은 벽
자파리,장난
자원,장원(壯元)
자부래기,쭈구렁이
잉겡이,⇒불잉걸이
잉겅,⇒불잉걸이
입허쥐,#NAME?
입절림,말다툼
입장,성관(成冠)
입여께,남의 비평
입싸홈,악다구니
입메,입매
입다심,⇒입노림
입게언,⇒이께언
임제,임자
일후,이후(以後)
일홈,⇒일름
일쿰,일삯
일전,이전(以前)
일쏙네,⇒일쏙
일쏙,#NAME?
일썽,일하는 솜씨
일름,#NAME?
인싱,인생(人生)
인세,인사(人事)
인사리,외로움의 벗이 되는 것
인비역,노동력
인기적,⇒그적
이향,의향(意向)
이정,사리를 바로 판단하는 것
이지,⇒으지
이심,의심(疑t心)
이문,의문(疑問)
이무,의무(義務)
이몽지몽,⇒아망조망
이논,⇒으논
이녁거,내것
이견,의견(意見)
이께언,=입게언. (焉). 이끼언( 哉 . 也도 마찬가지임)
은뜸,으뜸(覇)
으지암지,사람 사이에 서로 의지되는 것
으지,#NAME?
으논,#NAME?
유레기,⇒말구래기
원,제언(堤堰)
운가,⇒우전
우착,윗짝
우전,#NAME?
우시게,웃음거리. 농담
우스리,#NAME?
우세,#NAME?
우던,따위. 무리. 겨레붙이(等)
용심,성나는 것
용개,용두질
외엿리,(李) 오얏리
외곳,외곬
왕천대금,큰돈
왕래,노자(路資)
왕대몰,죽마(竹馬)
와장판,난장판. 수라장
옹고집,마음이 좁고 고집한것
올례친심,혼례식의 한가지
오좀정갱이,오줌버캐
오몽,움직여 다님. 일함
오돌또기,제주도 민요 이름. ‘오돌또기’는 가상적 남자
오그랭이,꼬부랑이
예숙저낄낙,⇒예숙물릭낙
예숙쐬길낙,⇒예숙물릴낙
예숙물릴낙,#NAME?
예숙,①수수께끼. ②존대
예상,예사. 보통
예베,⇒여베
예놈,⇒여놈
예나라,⇒여나라
예,⇒여
열헹,(行) 갈행
열,몸을 부리는 재주(術)
연통,연락(連絡)
연뒤,연대(烟台)
연거리,⇒연갑
연갑,=연거리. (年甲). 연배(年輩)
역시,역사(役事)
여수,예수
여산,예산
여베,#NAME?
여놈,#NAME?
여나라,#NAME?
여고,(古) 예고
여,#NAME?
엑,액(厄)
에움,⇒바위
에밀무지,함흥차사(咸興差使)
에누리,외누리
엄피,엄포
엄창큰소리,부림때. 엄청한 소리
얼랑쉬,아첨
언강,남을 달래는 말
억담,억지말
어장바장,⇒어상바상
어이,#NAME?
어상바상,#NAME?
어림성,어렴성
어린양,어리광
어니보기,재수보기
어거지,억지
얘펜,⇒야펜
양양게,⇒양광
양끝갱이,#NAME?
양광,#NAME?
약속,귀엣말. 귀속
야펜,#NAME?
야빈닥,망녕된 행동. 요망스러운 짓
야메,암매매(暗賣買). 일본어 yami에서 온 것
야기염,#NAME?
야기,호강을 다 못하여 하는것
애삭,애석(哀惜)
앙작,어린애가 울부 짖는것
알착,알짝
악치,⇒말구래기
악살,무엇을 달라고 보챔
악메,악마(惡魔)
아쟁이,앙금. 해감. 물속에 흙과 유기물질이 썩어 생기는 악취나 지끼
아외,어린애 거동의 한가지
아연,무엇을 달라고 부르짖음
아망조망,#NAME?
아늠,아름
쏠바숨,보리쌀을 잘게 부수는 것
솔칵불,관솔불
씽앵이,#NAME?
십기,습기(濕氣)
씰되쓸낙,실뜨기
실하,슬하(膝下)
실징,실증
실쏙,실지 효과
신보룸,⇒부룸씨
신관,(新官). 신년(新年)을 맡은 신
씨집,시집
씨레기,쓰레기
시오세,십오세(十五歲)
시상,세상
시무젱이,마음씨를 얕잡은 말
시드렁내,된똥 냄새
시두에,시달리는 것
시께멩질,제사와 명일 차례
승갱이,#NAME?
슁기,⇒숭기
쉿보름,⇒쇳 보름
쉼,숨
쉬,수(運數)
숭험,흉험(凶驗). 흉한 징조
숭폐,⇒숭1
숭시,흉사. 이상한 일
숭네,⇒서늉
숭기,#NAME?
숭2,⇒서늉
숭1,#NAME?
숫넹바리,⇒넹바리
숫굼대기,숯가루
숨기적,숨기척
순전,①길 옆에 쌓은 돌. ②닫받침
수질,멀미(水疾)
수작,인사 교환
수룩,①아이를 배기위하여 부처님께 기도 드리는것. ②떼. 무리
수눈깝,품갚음
쐬길낙,장난
세답,⇒뽈레
세,=중메=중진. 중매(仲媒). 거간
성에,성애
성세,지위를 얕잡아 말하는것
성방,형방(形房)
성금,원기(元氣). 정신
성,성질. 성격
섬토맥이,⇒섬창치
섬창지,#NAME?
섬,마음
설문대할망,제주도 신화중의 여신(女神) 이름
설메,내용이 갖추어지지 아니한 겉모양만의 구조(構造)
설름질,서름질
설래미,심한 운동뒤에 나오는 급한 숨
선체,선가(船價)
선웃음,쓴웃음
선용,#NAME?
선몽,현몽(現夢)
선금2,실금
선금1,현금(現金)
썩으래기,썩정이
서체,갱밋돈. 글방에 바치는 돈
서세질,서사실
서세,서사(書寫)
서베,세배(歲拜)
서늉,#NAME?
서간살렴,세간살림
새옴,새암(
새배신,(晨) 새벽신
상회,향회(鄕會)
상아리,얼굴 모양을 얕잡은 말
상물,향 그린 물
상녜상,(常) 항상상
상내,향냄새
상껍,향나무 쪼갠 것
상2,향(香)
상1,"모양. ,지쁜 상이여(기쁜 모양이다.)"
쌀,⇒살
살이,살림살이
살렴,⇒사념
살,⇒쌀. 비교적 고정된 도깨비불
산할망,삼할미
산터,⇒산체
산체,#NAME?
산천영기,산의 영기. 무덤 영기
산천,무덤의 지령(地靈)
산역시,산일
삭,삯
사슬담,⇒보몰담
사름친명,사람. 명색
사름수질,인멀미
사를메,살아 나갈 길
사둘질,후림질
사님,⇒사념
사농,사냥
사념,#NAME?
사금바치,⇒사구망치
사그렛거,상하기 쉬운 것
사굼마치,⇒사구망치
사구망치,#NAME?
사깽이,#NAME?
뽈레,#NAME?
빗,①빛. ②빚
빈국,변국(變局)
비체,부채(負債)
비역,부역(賦役)
비롯을시,(始) 비롯할 시
뿜기,⇒뿜게
뿜게,#NAME?
붐,부음(訃音). 부고(訃告)
불펭,불평
불펜,불편
불턱,불을 피우기 위하여 돌을 쌓아 만든 것
불치,⇒불껑
불체,⇒불껑
불청,⇒불껑
불짐,불김
불질,불김
불잉겅,⇒불잉걸이
불잉걸이,#NAME?
불수세,⇒고소외
불방울,⇒불망구리
불미질,⇒불매질
불미,⇒불매
불매질,#NAME?
불매,#NAME?
불망구리,#NAME?
불끌레기,불끄러미
불껑,#NAME?
분향자리,분향할 사람의 자리
분체질,부채질
분짓,재산을 자손에게 나누어 주는 것
분시,분수
북덕자리,짚을 깐 자리
부체님,#NAME?
부체,#NAME?
부찌부찌,붙이붙이. 같은 겨레 끼리. 유유(類類)
부찌2,겹. 가까운 사이
부찌1,붙이(屬. 族)
부술,마술(魔術)
부수닥질,부숨(破壞)
부루윤,(潤) 윤달윤
부럭지,⇒부러기
부러기,#NAME?
부뜸성,붙임성
부납,모자라게 느껴짐
부끌래기,거품. 비누풍선
봉천수,천수(天水). 奉天水)
허물봉오지,부스럼끝
꼿봉오지,꽃봉오리
봉불,봉화(烽火)
봉덕불,부엌 가운데에 만든 화로에 피운 불
봉대기,꼭대기
봉닥,껍질
뽐,뼘
볼상,⇒뽄새
뽄새,#NAME?
뽄,본보기
본치,흠집
본메본짱,본디 모양을 증명할수 있는 본
본대기,⇒무레
복주멩기,복주머니(福囊)
복닥,몸에 씌워진것
복,폭(幅)
보스래기,⇒말구래기
보몰담,#NAME?
벨히,⇒벨멩
벨착,퍅
벨일,별일
벨안간,별안간
벨소리,별소리
벨멩,=벨히. 별명(別名). 별호(別號)
벨떼기,언행이 배때벗은 것
벨고,별고(別告)
벨거,별것
벤멩,변명(辯明)
벤리,⇒벤(변리)
베솔,⇒베슬
베실,⇒베슬
베슬,#NAME?
베설토막,성난 마음을 얕잡은 말
베록좀,노루잠
베,배(倍)
법장률,(律) 법칙률
범셋일,모든 일
범셋거,모든 것
범세,무릇(凡)
벌적,몸부림. 베정적
벌역,벌로 하는 일 (罰役)
버리체,생계를 위하여 일을 버리는 것
버르장머리,⇒버르장 모리
버르쟁이,⇒버르장 모리
버르장모리," =버르쟁이 =버르장머리. ‘버릇’을 얕잡은 말
"
버금,다음
방장,①방자(詛呪). ②방정(경망한 언행.)
방쉬,①악신을 쫓기위하여 음식과 물건을 집 밖에 버리는 무속의 한가지. ②귀신에 의탁하여 소원을 이루려는 미신행위의 한가지
방뒤,⇒방둥이
방둥이,#NAME?
방돌락이,동그라미
방,댁(宅). 친정 동네이름 밑에 붙여 쓰는 말. 여자를 가르킬때 씀
발쎄,발씨
발모돔,모다깃매
반착,반절. 반짝
반지기,상반(相半)
반종,트기. 잡종(半種)
반제,반자(半字). 약자(略字). 시울
반작,반타작. 수나이
바르칠,배로 고기를 잡는 일
바르찹이,바다에서 조개. 게 따위를 잡는 일
바드랑이,물건을 받아 지탱하는 장대
바두,⇒바독
바독,#NAME?
바농질,바느질
몰탈내기,⇒몰탈-낙
몰탈낙," =몰탈-내기. 말타는 장난
"
몰로랭이,⇒ 몰로래기
몰로래기,⇒말구래기
모작,⇒①모디. ②매듭
모음쎄,마음씨
모음,⇒모슴
밍게,핑계. 엄살
밀세,밀고(密告). 고자질
밀리,=철리. 이묘(移墓) 면례(緬禮)에서 온것
미취,쓰다가 조금 남은 것. 없어지다가 남은 것
뭉텅어리,뭉치
물천,바다에서 잡은 수산물
물질,해녀의 잠수 작업
물정,사물의 정세를 이해할줄 아는 마음
물릴락,문답
물고,사망신고(物故)
물것,갚을것
문세,문서(文書). 증서
무장,무작정. 무한정(無限定)
무레,#NAME?
무기,무게
몽그래기,모지랑이. 뭉툭한것
몸질,몸을 움직이는 것
몸쎄,일부러 몸을 움직여 다치게 하는 것
몬지,⇒구둠
목두질,목도질
목돈,큰돈(大金)
모통이,모퉁이
모욕,목욕
모새,제사때에 쓰는 모래와 띠(茅沙)
모매기,모
모로미수,(須) 모름지기수
모냥상아리,"모양'을 얕잡은 말
"
모냥다리,모양다리
모냥,모양
모깃네,모깃불
멩함,명함
멩질,명절
멩주멩기,명주머니
멩령,명령
멥시,맵시
멜족,멸족(滅族)
멘처음,맨처음
멘제,면제(免除)
멘적,민적(民籍). 면적(面積)
멘,면(面)
멕사리,기운. 힘
메우릿내,발가락 샅에서 나는 한가지 냄새
먹읏,먹새
먹을일,⇒먹슬일
먹슬일,#NAME?
머이,재수
머을,음식물 중에 들어 있는 잔돌
머력,머리(元)
매미,⇒매기
매기,#NAME?
맞전,맞돈
망이질,⇒마니질
말쩨,끝. 다음
말쑤,말씨
말미,귀신에게 기도하는 말
말말,이런말 저런말
만톡,풀잎의 독
만서,만장(挽章)
막일,관혼상제들의 마지막 일
막말,⇒막담
막담,#NAME?
막,막내. 마지막. 뿐
마붙림,곰파이를 볕과 바람에 말리는 것
마니질,#NAME?
돌,⇒덜
도살이,⇒더살이
도리,다리
듸,데. 바(所)
등물놓음,목물
뜸,틈을 만들기 위하여 사이에 넣는 것
들굼날굼,들어갈 구멍과 나아갈 구멍. 피할 길
뜨집,의향(意向)
드내기,들이고 냄
드끌,티끌
뒷시세,뒤처리.
뒷손,뒤처리
뒤컬음,뒷걸음
뒤내기,곡식을 몰래 내어 파는 것
두티,⇒두끼
두린때,어린 때
두끼,#NAME?
똥굿,똥덩어리
동아리,떼. 같은 행동을 하기 위하여 이루어진 무리
동녕글,어깨넘엇글
동녕,동냥
돗좀,쓸데없는 잠
돌칠,돌질
도환셍,살아남
도체비,도깨비. 도깨비불
도장밥,인주(印朱)
도임상,도임할 때 드리는 상(到任床)
도빗짐,행상보퉁이
도비,도배
도레미탐불,도루아미타불
도독,도둑
도,어구(出入口)
뎅침,당침
뎁보,뻥(噓)
떼제기,⇒떼거지
떼걱지,⇒떼거지
떼거지,#NAME?
떼깔,겉에 윤이 나는것
떼,#NAME?
데위,대우. 대접
데씀질,뒤집개질
데서,대서(代書)
데반,팔밀이
데답,대답(對答)
데갑질,대신 갚는 일
데갑,대신 갚음
덤,데미. 더버기
덜2,일의 나쁜 영향
덜1," =돌 들
"
던티,집이나 깃(巢) 같은 것에 변화를 주었을 때 귀신의 노여움을 받아 사람이나 동물이 죽거나 또는 병이 생겨 액을 당하는것
던데,작작궁
던덕이,얽히고 뭉쳐진 것
더살이," =도-살이 =장남-살이. 머슴살이
"
더부침,더음
더디왜,일을 더디게 하는 일
때먹을때,⇒때
때,=때-먹을때 . 끼니때
대음,게으름. 명심하지 아니함
답도리,잡도리
담질,담 넘기
단소육갑,단수육갑(短壽). 단명 육십년(短命六十年)의 뜻함
놀림,#NAME?
놀내,#NAME?
놀거,#NAME?
놀,날(刃). 인
노래상,(常) 떳떳상
니껍,미끼. 고기밥
늬찍,⇒너찍
늬귀,네모
늬,뉘. 자손의 덕분을 보는 것
늘내,생선 비린내
는지레기,는지렁이
느찍,⇒너찍
눈열,눈힘(眼力). 눈재주
눈넙은짓,여자 음행(淫行)
눈물,눈석이
노중복사,다니다가 길에서 죽는것(路中伏死)
노랑내,노린내
노념,어린애 놀이
녁,녘(方)
넹바리,#NAME?
넷내움살,⇒넷내
넷내,#NAME?
네장도립,집안 살림도구를 뒤엎어 부수는 것
네위질,노질
네용,내용(內容)
네외,내외(內外)
네왕,내왕(來往)
네,내(烟) 연기
넘은일,지난일
넉시,실지로 하지 아니하였으나 한 것으로 보게 된다는 뜻
넉,넋
너찍,#NAME?
너부기,⇒너베기
너베기,#NAME?
너러기,넓이
낵인질,낙인질
낵인,낙인(烙印)
내중,나중
내움세,⇒내우살
내움살,⇒내우살
내우살,#NAME?
낮도체비,낮도깨비
낭칠,나무에 오르는것
낫돈,잔돈
남체기,⇒남제기
남죽질,죽저깨질
남제기,#NAME?
날래,곡식을 볕에 말리는 것
날굼들굼,나아갈 구멍과 들어갈 구멍. 피할길
나찍,내깃. 내차례
나시,#NAME?
나무램,나무람
나는물,#NAME?
나끔질,고기 낚기
나,나이
곰,틈(隙)
골총,⇒골총
골리,가루. 유리가루
고슴,가슴
고뭇,⇒그뭇
고림하,(河) 물하
고리,⇒고비
고루,⇒고로
기적,⇒그적
기십,뱃장
기신,기운. 힘
기수,무엇을 하고 있는 줄 알수 있는 행적
기벨,기별
기강,지위와 세력
끗댕이,⇒긋갱이
끗갱이,⇒긋갱이
긋댕이,⇒긋갱이
긋갱이,#NAME?
긋,#NAME?
끔치,새끼
끔줄,금줄
금지,⇒금세
금세,#NAME?
끌럭지,⇒끌러기
끌러기,#NAME?
근척,⇒그적
극근내,누린내(焦臭)
그적,#NAME?
그실먹,#NAME?
그신태,⇒그신새
그신새,#NAME?
그스렝이,⇒그스렁
그스렁물,거림물(지리장물)
그스렁,#NAME?
신그뭇,신자국
발그뭇,발금. 발자국
글그뭇,글자 획
그림제,⇒굴메
그리메,⇒굴메
그르메,⇒굴메
그르,①그루. ②흔적. 헌데자리
그끄럭내,누린내
귓망,남의 과실
귀설,귓결
귀껏,⇒구껏
귀,벼슬(公官)
궷낭질,⇒궤질
궤질,#NAME?
궐총,⇒골총
권제,권지(勸紙)
궁퉁이,궁리하는 마음을 얕잡아 말하는것
궁작,마음을 얕잡아 말하는 것
궁상,이상한 일
궁량,궁리(窮理)
궁기,⇒고냥. ‘굵’에서 온것
굽등이,밑동. 밑줄기
들굼날굼,들 구멍과 날 구멍
창굼,창 구멍
굼,⇒고냥
굴툭,⇒굴투매기
굴투매기,#NAME?
굴메,#NAME?
굴,질그릇을 굽는 가마(窯)
구침,덥게 하는 찜질
구체,#NAME?
구진물,구정물
구실,별슬(官)
구신,귀신
구숭,불평을 말하는 것
구미혈,(穴) 구멍혈
구무레기,남몰래 활동하는것
구린지름,물고기에서 짜낸 기름
구렁내,구린내
구늉,잔꾀
구녕,⇒구녁
구녁,⇒고냥
구기,구구(九九). 셈
구관,구년(舊年)을 맡았던 신(舊官)
구껏,#NAME?
헤복,해복(解腹)
헛짓,헛일
헛입,쓸데 없는 말
헛소리,⇒헛말
헙헙정,헛헛증
헐리,상처. 헌데
헌톨매기,허털뱅이
허주,나쁜 소문
허장,담이 없는 곳
허께,유령(幽靈)
항폐,쓸데 없는 소모
한좀,깊은 잠
한디,헛일
하직,죽은 사람의 영에 대하여 작별의 배례를 하는 것
하외염,#NAME?
하릿권,할인권(割引券)
하늘옥황,옥황상제 있는 곳. 천국
하근사름,⇒하간사름
하근디,⇒하간디
하간사름,#NAME?
하간디,#NAME?
필요,(必要). 이유(理由)
피치가죽,동물의 표피(表皮)
피막소리,회피하는 말
푼체님,⇒부체님
푸체님,⇒부체님
푸숨,⇒포솜
푸께기,①⇒모힌 것. ②거품(geopum). ③텡보
폿짐,봇짐. 보퉁이
폭,셈
포싱,⇒포승
포승,#NAME?
포솜,#NAME?
펭년,평년(平年)
펜지,편지
펜싸움,편싸움
펜론,변론(辯論)
페지,⇒쪽지
페,⇒①쪽지. ②표(票. 標)
패,파(派)
톨이래,타래
톨고지," =톨구지 딸꾹질
"
틈바기,틈. 기회
퉁부체,퉁부처. 퉁으로 만든 불상
통괴염,짐승 따위를 전체로 삶는 것
토액,토악질
가마귀테,가마귀 떼
테,①때(垢). ②떼(群). ③떼(筏)
턱사가리,턱(理由)
타발,좋다 나쁘다 말하는 것
클삭,기겟삯. 틀삯
큰집,큰댁(伯父宅)
쿰갚음,품갚음
일쿰,품삯
콥재기,꼽자기
보선코지,버선 앞 끝
코지,①앞으로 뾰죽 나온 것. ②곶(岬)
코재비,버선 신발 따위의 앞쪽이 뾰족하게 나온 것
코,①고. ②기회
촌솔,찬살
빗 갚을 초레에,빚 갚을 섟에
성님초레,형님 벌
칭돌,⇒칭겁돌
칭겁돌,#NAME?
칭,충(層)
치지레기,⇒찌끄레기
치리단장,치레단장
출물상,행사때에 음식을 제공하는 상
촐새김,새김질(反芻)
촉소리,까딱소리
초리1,⇒초력
쳇일,첫일
체족,최촉
천추,지체(遲滯)
척실,관원의 벗
신창,신 배닥
발창,발 마닥
창,밑의 되는 부북. 바닥
참봉,대감. 도깨비의 별칭
착글레기,짝짝이
좀,잠
짓2,길쌈 도벽에 쓰는 풀
짓1,집
집직,집 지키기
질역시,길 역사
짇을커,⇒짇을낭
짇을낭,#NAME?
진역,징역(徵役)
찍세,⇒찍
직성,무서움 타지않는 마음
지체,처치(處置)
지지렝이,⇒지시렝이
지실먹,⇒그실먹
지시렝이,#NAME?
지성기,⇒지성귀
지릉내,⇒지렁내
지름,기름
일수,일 재주
분축,소지 올리는 것(焚祝)
모힌것,#NAME?
논다니,평론(評論)
괴약,고약
곶다울방,(芳)꽃다울방
공초삭,⇒공초사
공초,죄인의 진술(供招)
공생이,⇒곰생이
공반,#NAME?
곱음재기,⇒곱을락
곱을락,#NAME?
곱은대기,길이 굽은 곳
곰생이,#NAME?
곰내,기름내
골총,#NAME?
곤데,군데
꼬락지,꼬락서니
고침질,고침일
고정배기,정직하여 변함이 없는 것
고정,정직(正直)
고잿소리,실례되는 말. 탈이 나게 하는 군소리
고애,⇒고렴
고소외,#NAME?
고망,⇒고냥
고렴,#NAME?
고냥,#NAME?
께,①물건의 남저지. 흔적. ②다발의 끈
게틀음,⇒게틀름
게틀름,#NAME?
게움,질투
게심,질투심
게꿈,⇒거꿈
것,먹이. 자산(資産)
겁죽,⇒거죽
겁절,겁결
검정빗,검은 빛
걸궁,명절 놀음. 농악
걸,⇒거리
껀,건(件)
건풍,거짓. 풍치는 것
건트집,정당한 이유없는 트집
건지,건더기
건디,"- ㄴ지(‘건’)은 매김씨(冠形詞). ‘디’는 안옹근이름씨(不完全名詞)임. ,보건 디 (본 지)"
건달,풍치는 것
걱죽,⇒거죽
거천,살곳을 준비하는것
거죽,#NAME?
거자랑,흰소리
거욱,마을 변두리의 미곤방(未坤方)이 비어진 곳에 쌓은 축조물(築造物)로서 마을의 빈곤을 막기위한 것
거슴손,손으로 남을 건드리는것
거림,갈래
거리,#NAME?
거레,거래(去來)
거둥,거동
거둠성,일을 끝맺는 성질
거느리왕상,남의 dfl을 이러니 저러니 말하는 것
거념,거추함. 보살핌
거꿈,#NAME?
갱규,협잡
강적,⇒가냥
강담,고집이 센것
갓,골마지
깝,값
감제,미친 질(狂)
감장,장사지내고 무덤을 만듦
갈매장,(藏) 감출장
간수,⇒가냥
간세,게으름
간간무종,간 곳을 모르게 됨
깍,끝(末)
각서,여러 가지. 각종
까치,가치(價値)
가풀,아교
가옷,가웃
가림,사리
가달춤,갈랙질
가냥,#NAME?
가남,①자력(資力). ②가늠
흑,⇒헉
촌물,짠물. 바닷물
질흑,⇒진흑
진흑,#NAME?
정동,청동(靑銅)
적,푸석진 붉은 화산석(火山石)
작지,⇒작멜
작멜,#NAME?
연철,연(鉛)
엉덕,⇒바우
엉,⇒바우
싱피,⇒송피
쏴,쇠(鐵)
송피,#NAME?
송,화산회(火山灰) 굳어진 것
솜돌,⇒속돌
속돌,#NAME?
섹이지름,⇒석유지름
설덕,땅위에 솟아 있는 작은바위
석유지름,#NAME?
비천,품질이 나쁜 놋쇠. 퉁
보미,녹. 동록
벡번,백반(白礬)
바우,#NAME?
밋쇠,놋쇠. 청동. 황동의 총칭
몰래,⇒모살
모힌돌,⇒누룩돌
모살,#NAME?
먹돌,⇒맷돌
머을,곡식에 들어있는 잔돌
머들,⇒머돌
머돌,#NAME?
맷돌,#NAME?
돌쌔기,잔돌
돌빌레,돌뿌다귀. 돌부리
덕돌,봇돌. 바닷가의 바윗돌
누룩빌레,푸석돌 반석
누룩돌,#NAME?
구리쇠,구리
헤바래기,해바라기
헛고장,열매 안 맺는 꽃
해래비꼿,딱지꽃
함박탈,딸기의 한가지(큰것)
하리비고장,할미꽃
피파,비파
포두,포도
탱우지,⇒개살구
탈,딸기
콩탈,딸기의 한가지. 빛이 검음
켄밤,아람
치지,치자
촉교화,⇒가지깽이고장
천도실,하늘에 있다는 신선이 먹는 복숭아(天桃實)
짐칫감,⇒우린-감
줄창화,죽도화. 황매화(黃梅花)
졸갱이,⇒고냉이똥
제지,겨자(芥子)
전기꼿,진달래
은동고장,#NAME?
유지,유자(柚子)
유어름,⇒유룸
유룸,⇒고냉이똥
우린감,#NAME?
외영뒤,⇒앵두
외동지,오이 꽃맺이
외골밤,외톨밤. 회오리밤
여물,⇒쏙
여름,#NAME?
엥도,⇒앵두
에영지,⇒앵두
어울,실과 속청
애펜고장,#NAME?
안진배기꼿,⇒몰고장
쏠댕유지,간 얇은 유자
시러미,시로미 열매
숲쿨,⇒몰고장
쏙껍질,⇒거풀
쏙,#NAME?
소입,⇒베염고장
소유지,유자의 한가지 (小柚子)
산물,귤의 한가지(橙)
북무화,무궁화
봉지,꽃봉오리
볼래,보리수나무 열매
복숭개,⇒복송개
복송개,#NAME?
복닥탈,⇒보리탈
보리탈,⇒감티탈
벵귤,병귤(甁橘). 병 모양의 귤
벨래기,청미래덩굴 열매
벡합이고장,나리꽃
벡일홍,배롱나무꽃
베염고장,#NAME?
몰쿠실,⇒머쿠실
몰코장,⇒몰고장
몰싸움고장,⇒몰고장
몰고장," =몰-코장 =몰싸움-고장 =안진배기꼿 =숲-쿨. 오랑캐꽃. 앉은뱅이꽃
"
밀탈,딸기의 한가지. 조금 신맛이 있고 줄기에 가시가 있음
미우쟁이,⇒미삐쟁이
미삐쟁이,#NAME?
멘네도래,면화열매. 면화송이
멀리,⇒멀뤼
멀뤼,#NAME?
머쿠실,#NAME?
도래,①다래. ②면화 송이
드릇국화,산국
돔박골,동백 씨
돔박,동백 열매
도체비고장,산수국
댕유지,유자의 한가지(唐柚子). 당유자
대초,대추
땅꼿,채송화
꽝베,똘배
곶,⇒고장
꼿동지,꽃봉오리
꼭감,곶감
곡지탈,딸기의 한
곡지,꼭지
고장,#NAME?
고냉이멀뤼,가마귀머루
고냉이똥,#NAME?
겁죽,⇒거풀
거풀,#NAME?
개탕지,⇒개살구
개탕쉬,⇒개살구
개살구,#NAME?
개볼래,까마중 열매
감티탈,#NAME?
간절미,#NAME?
가지깽이고장,=접시꽃=촉교화. 촉교화(蜀葵花). 접시꽃
가시틀,산딸기의 한가지
패마농,⇒삥이마농
콩질룸,⇒콩지룸
콩지름,#NAME?
콥대사니,⇒곱대사니
짐,김(海苔)
지지,⇒제지
지실,⇒지슬
지슬,#NAME?
제지,#NAME?
유우레기,겉대
시금초,시금치
숭개비,⇒곱대사니
삥이마농,#NAME?
부루,상치
벡토란,백도라지
베치,⇒노물2
미역새,⇒메역새
미네기,⇒멘내기
멘내기,#NAME?
메종,⇒메
메역새,#NAME?
메,#NAME?
막물호박,마지막 호박
막물오,마지막 오이
막물,채소의 마지막 수확물
마눌,⇒마농
마농뎅가리,파 밑둥
마농대,종대
마농,#NAME?
들머기노물,배추의 한가지
들굽,두릅(山菜)
드룻마농,달래
동지,①장다리. ②꽃맺이
대사니,⇒곱대사니
당베치,개량배추의 한가지
노물쿡,나물국
노몰,⇒노물
노물팥,나물밭. 채전
노물유레기,배추 잎이운것
노물베설,배추 고갱이
노물동지,무종. 배추 장다리
노물2,#NAME?
노물1," =노몰. 나물. 채소
"
녹디지룸,숙주나물
곱대사니,#NAME?
꼼치,머위(먹는 것)
고치,고추
갯노물,갓
감제주시,고구마 찌기(澱粉粕)
감제,고무가(甘著)
흐린좁쏠,차좁쌀
황조,조의 병이름
헙되,⇒밀체
풍뎅이,쭉정이
푸린콩,청대콩
콩착,짜개
콩주시,⇒콩주셍이
콩주셍이,#NAME?
콩꼬질,⇒콩각매기
콩꺽죽,⇒콩각매기
콩깍지,⇒콩각매기
콩깍물,#NAME?
콩각매기,#NAME?
조체,조 껍질
보리체,보리 껍질
모밀체,메밀 껍질. 메밀 나깨
나록체,벼 껍질
체,⇒복닥
착콩,짜개콩
좀녀콩,작두콩
줄오리,이삭이 긴 보리 품종 이름
지장,기장(黍)
좁쏠,좁쌀
조졸래,조 반쭉정이
산뒤졸래,밭벼 반쭉정이
보리졸래,보리 반쭉정이
모멀졸래,메밀 반쭉정이
나록졸래,벼 반쭉정이
졸래,반쭉정이
조풍뎅이,⇒붕당체
조코고리,조 이삭
조칵매기,조의 빈 이삭. 조 쭉정이
조졸래,조 반쭉정이
제세경모몰,한가지 병이 있는 메밀
장체,왕겨. 겉겨
이석,밭에 떨어진 곡식
유,들깨
애기땅지미,콩의 병이름
아진대죽,수수의 한가지 (대가 짧은 것)
쏠찍,특별한 일에 쓰는 쌀
쏠방울,쌀알
쏠대죽,쌀수수
쏠,⇒곤쏠
솔우리,⇒솔오리
솔오리,⇒살오리
세경대죽,한가지 병이 있는 대죽
서포리,익기전에 먹는 보리
서숙,잡곡. 조
생유,산 들깨
쌍콩,콩(太豆)
살찻보리,겉보리
살오리,#NAME?
살래대죽,⇒누렁대죽
산뒤,밭벼(山稻)
사당대죽,사탕수수
비대죽,⇒비낭대죽
비낭대죽,#NAME?
붕뎅이,⇒붕당체
붕당체,#NAME?
복닥,#NAME?
보미,보늬
보리체,보리껍질
보리찍,⇒보리낭
보리졸래,보리 반쭉정이
보리낭,#NAME?
방울,알(粒)
바량콩,녹비(綠肥)로 심은 콩
밀헙되,⇒밀체
물마리,녹두의 병이름
모힌조,끈기없는 조
모시조,조의 병이름
모몰,⇒모멀
모멀체,메밀깍지
모멀졸래,메밀 반쭉정이
모멀늬께미,메밀 나깨
모멀늣,메밀꽃이 마른 것
모멀는쟁이,메밀 겨
모멀," =모몰. 모밀
"
머드레콩,알이 굵은콩의 한가지
동대기,차조 품종의 한가지
동기대죽,⇒동지대죽
두불콩,강낭콩의 한가지
돔비,동부
돌하리,조의 품종 이름 (차진것)
도난모멀,자생모밀
도난조,자생조(自生粟)
도난나록,돌벼. 자생벼(自生
대치비,벼 품종 이름
대죽낭,수수깡. 수숫대
아진대죽,수수의 한가지
살래대죽,비수수의 한 가지
사당대죽,사탕수수
동지대죽,수수
강낭대죽,옥수수
대죽,수수 따위의 총칭
대우리,⇒대오리
대오리,#NAME?
땅콩,낙화생(落花生)
땅골리,밭벼의 병이름
당돌하리,조 품종의 한가지
늬께미,나깨
늬,뉘
늣,메밀 꽃 마른것. 벼꽃
는쟁이,메밀 겨
누렁대죽,#NAME?
녹디,녹두
노린도세미,알이 둥글고 굵은 콩 품종의 한가지
납게,죽정이. 쭉정이
나분데,낟알이 여물지 아니한것
나록체,벼껍질
나록,벼
구살오리,보리 품종의 하나
곤쏠," =쏠. 쌀
"
곡석방울,낟알
곡석,곡식
고박시리,조 품종의 한가지
고량콩,고랑에 간작(間作)으로 심는 콩
조코고리,조 이삭
나록고고리,벼 이삭
고고리,이삭
껍죽,⇒꺽죽
겁보리쏠,거피한 보리쌀
검은조,조 품종의 한가지. 빛이 조금 검고 차진것
꺽죽,#NAME?
강동하리,조 또는 벼의 품종 이름(차진것)
강낭콩,강낭콩
강낭대죽,옥수수
각지,⇒각물
각재기,⇒각물
각물,#NAME?
각매기,고갱이. 빈이삭
흑축,⇒가세축
흽싸리,⇒댑싸리
회양,회향(茴香)
황칠낭,산검양 옻나무
황솔,⇒산송
황벡피,⇒황벡비
황벡비,#NAME?
화양목,회양목(黃楊木)
헹게,정가(荊芥)
허웅고사리,⇒베염고사리
허금고사리,⇒베염고사리
허궁고사리,⇒베염고사리
향유초,⇒고요화
합순,개옻나무
함박푸께,땅꽈리의 한가지
함박쿨,풀이름. 일본어 subogusa
한탈낭,산딸기 나무의 한가지
하늘풀,풀이름. 잎은 쑥갓 비슷하고 여름철 백색의 작은 두상화(頭狀花)가 핌
하늘푼철귀,⇒하늘푸께
하늘푸께,#NAME?
하눌애기,하눌타리
피풍낭,사철나무
피파낭,비파나무
피만지,피마자. 아주까리
풍솔,절로 난 잔 솔
푼체순이,부처손(拳栢)
푼철귀,⇒푸께
푸십세,풀(草)
푸생이,덤불
푸께,#NAME?
폭낭,팽나무
페채기,⇒베채기
페기,⇒펄기
페,⇒넘피
펄기,#NAME?
패,⇒넘피
팔각낭,붓순
틀낭,산딸기 나무
몰퇴역,굵은 잔디
지름테역,가는 잔디
퇴역,⇒잔뒤역
토란,도라지
테역단풍,금잔디
테역,⇒잔뒤역
테,떼. 흙을 붙여 떠낸 잔디
큇낭,"⇒쿳가시낭
"
쿳가시낭,⇒긋가시낭
쿨,풀(草)
쿤지쿨,⇒쇠
콱향,쥐오줌풀
칠비,부들(香蒲)
황칠낭,산검양옻나무
합순,개옻나무
북칠낭,북나무
개옻낭,검양옻나무
칠낭,⇒옻칠낭
치지낭,치자나무
치비숙,제비쑥
취쿨,개질경이
추승,⇒수승
쇠촐,소꼴
몰촐,말꼴
촐,꼴
초석새,자리 만드는데에 쓰는 띠
초때역,풀이름(Sporobolusindicus]
초기,표고버섯
쳇동지,첫꽃맺이
청쿨,풀 이름. 일본어tobosigara
청조쿨,망초
처남상,천남성
창풀,⇒물새
창쿨,⇒돗수에
창쭐,삽주(창출. 백출)
좀진대,가는 대
진풀,⇒순풀
진쿨,별꽃 따위의 풀 이름
진,모시 비슷한 풀 이름. 일본어 yabumao
쭐,⇒너출
줄상낭,누운 향나무(矮檜)
줄고사리,⇒생이줄
줄,⇒너출
주충,해초 이름. 모자반 비슷하나 잎이 잘고 가지는 짧으며 큰 방울이 약간 달림
주죽,⇒주적
주젝이,⇒주적
주적,#NAME?
주리풀,개속단
주리쿨,풀 이름. 일본어 himegobanso
주레꿀,매발톱나무
졸갱이줄,⇒유룸줄
족대,⇒수리대
족낭,때죽나무
조크리,조 그루
조찍,⇒조낭
조령,⇒유룸줄
조낭,#NAME?
조뀌남,화살나무
젯가지,#NAME?
제환지,⇒절화니
제피,계피(桂皮)
제쿨,명아주
제사오기,벚나무의 한가지
제몰피,벼의 해초 이름
제돌기똥,면화의 병 이름
제낭,①노린재나무. ②자작나무
젖쿨,⇒고롬쿨
정동,⇒고냉이정당
정당,⇒고냉이정당
정갈리,정금나무(조다리 나무)
절환지,⇒절화니
절화니,#NAME?
절머리쿨,개밀
저슬사리,으아리
저금타는낭,배롱나무. 백일홍
잔뒤역,#NAME?
자왈,잡목과 가시덤불이 있는 숲
자오락,⇒자록
자록,#NAME?
자굴,차풀
자구낭,자귀나무(合歡木)
잎상귀,⇒섶
입초,엽초. 담배
일본반치,칸나
인반초,⇒개반초
인동줄,⇒은동줄
은동줄,#NAME?
윤유리,⇒윤노리
윤노리,#NAME?
유지낭,유자나무
유어름줄,⇒유룸줄
유룸줄,#NAME?
우박,⇒녹낭
우미,우뭇가사리
외영뒤낭,⇒앵두낭
왕소새,⇒가마귀지장
옻칠낭,#NAME?
오창영,귀박쥐나물
오빰제환지,⇒오빰제완지
오빰제완지,#NAME?
오디,이삭의 곁가지
예반초,⇒개반초
열씨,삼씨
열대,⇒열낭
열낭,#NAME?
연박폭초,솜방망이
여뀌,연(蓮)
에영지낭,⇒앵두낭
엄낭,황칠나무
얼루레비낭,덜꿩나무
언주에,어저귀
어웍,⇒어욱
어워기,⇒어욱
어욱삥이,새품
어욱,#NAME?
안자리쿨,풀이름(Ligu-laria Tagueti Nakai)
베,배
솔칵,⇒솔칵
씰거리낭,①아카시아. ②잎은 아카시아 비슷하고 온 몸에 갈고리 모양의 가시가 나고 노란꽃이 피는 콩과에 속한 나무 이름
신속,쑥
신남,⇒식낭
식낭,#NAME?
시호,오이풀
시름초,담배의 별칭
시룩쿨,⇒댑싸리
시러미,시로미(岩高蘭)
숨부기,모래 언덕에 나는 낙엽 관목(灌木). 잎은 둥글고 속이 희며 가을에 파란 빛 꽃이 피고 열매는 잘아 익으면 검고 줄기와 잎은 향기가 좋은(갯싸리. 蔓荊)
술조기남,나도밤나무
술뿔리,양제근(羊蹄根)
술,⇒개셍게
순풀,#NAME?
숙쿨,오랑캐꽃의 잎
숙,⇒속
수웍낭,⇒수왁낭
수왁낭,#NAME?
수승,#NAME?
수리대2,#NAME?
수리대1,⇒구렁대
쇱싸리풀,비수리
쇱싸리,⇒댑싸리
쐬사오기,벚나무의 한가지
쐬비눔,쇠비름
쐬돔박낭,사람주나무
쇠욍이,⇒소왕이
쇠스랑쿨,⇒고요화
쇠,#NAME?
쐐기,⇒쎄외기
송왁,⇒골로락
송낙,⇒골로락
솔벵이,⇒솔똥
솔똥,#NAME?
솔낭,⇒소낭
신속,쑥
본속,풀솜나물
속,#NAME?
쏘비네,⇒빈네
소욍이,⇒소왕이
소왕이,#NAME?
소왁,⇒골로락
소스랑쿨,⇒고요화
소새쿨,⇒소새
소새,⇒가마귀지장
소낭초기,송이(松茸)
소낭,#NAME?
소나쿨,배풍등(排風藤)
셍지속,떡쑥
셍낭,⇒놀낭
셍게,①네가래 ⇒②개술
쎄외기,#NAME?
세귀낭,소귀나무(속나무)
섶상귀,⇒섶
섬비,⇒섬부쟁이
섬부쟁이,⇒낭섬비
설,묵은 뿌리에서 나온 새싹
생이줄,#NAME?
생이족박,하수오
새촐,⇒새꼴
새삼,마(薯)
새닥낭,⇒사닥낭
새꼴,#NAME?
새,⇒뒤
상낭,향나무
상거심,겨우살이
삼동초,담배의 한가지 잎이 작음
살마,⇒가마귀숟가락
산승,⇒던덕
산송,#NAME?
산베낭,⇒꽝베낭
삭다리,삭정이(枯枝)
사옥낭,⇒사오기
사오기,#NAME?
사룩쿨,⇒댑싸리
사닥낭,#NAME?
족은 오깨기,헤아리베찌
큰 오깨기,자도위껭
빈데쿨,아욱메풀
빈네,#NAME?
비초,⇒댑싸리
뿔리으신새삼,새삼
뿔리,⇒불리
불휘,⇒불리
불리,#NAME?
북칠낭,북나무. 오배자 생기는 나무
부룩,①죽순(竹筍). ②이삭피기 전 것. ③옥수수 열매
부근데,짚에서 나온 삭은 잎
볼래낭,⇒벌레낭
뽄지낭,⇒본지낭
본지낭,#NAME?
본속,풀솜나물
복쿨,깨풀
복직개노물,말나리
복송개낭,복숭아 나무
복당낭,⇒다군작낭
벨래기낭,⇒멩게낭
벡문동,천문동
배채기2,#NAME?
베채기1,별꽃
베염탈,⇒게염지탈
베염유리,풀 이름. 잎은 우상복엽(羽狀複葉)에 깊은 톱날이 있고 꽃은 총상화서(總狀花序)황색이며 봄에 핌
베염고사리,#NAME?
노물베설,배추 고갱이
베설,고갱이
베낭,배나무
벌레낭,#NAME?
버슷,⇒버섭
버습,⇒버섭
버섭,#NAME?
버레낭,물참나무
버두낭,버들나무
반치,⇒반초
반초,#NAME?
반두어리,후박나무
박쿨,⇒꼼치
박달낭,참꽃나무
또낭풀,끈끈이
몰푼체,범부채
몰푸리,열매가 잔 꽈리의 한가지. 일본어 himesennali
몰팡쿨,⇒고요화
몰쿠실낭,⇒머쿠실낭
몰추리쿨,마편초(馬鞭草)
몰촐,말꼴
몰지장,개솔새
몰오좀낭,말오줌나무 사철나무
몰셍게,⇒개셍게
몰망쉬,마름(菱)
몰마농,수선(水仙)
몰똥버섯,말똥버섯
몰가리,졸가리
밀쑨,⇒멜쑨
미,억새. 갈대의 위쪽 대
물하랍낭,⇒물파란낭
물퍼채기,물질경이
물파란낭,#NAME?
물토란,가는 택사
물채,⇒물새
물옷,①개구리밥. ②좀개구리밥
물새,#NAME?
물룻,⇒물렁굿
물렁굿,#NAME?
무란페기남,대팻집 나무
못꼿,꿀풀
목단초,목단풀
모시쿨,모시풀
모람줄,모람덩굴
멩겡낭,#NAME?
멧순,밀나물
멜쑨,#NAME?
멘헤,⇒멘네
멘네,#NAME?
메실낭,매화나무
메마,메꽃(旋花)
멋낭,나무 이름. 껍질에서 뺀 물로 작은 새를 붙여 잡음
먹사오기,벚나무의 한가지. 껍질이 검음
머쿠실낭," =몰쿠실-낭. 멀구슬나무
"
만년초,⇒개반초
돌레입,떡잎.
도래낭,다래나무
등너출,등넝쿨. 등덩쿨
들뽕낭,메뽕나무
들굽낭,드릅나무
뒤,#NAME?
두루애기,노랑하늘타리
두루머지,#NAME?
똥꼬리,⇒도꼬리
돗치기쿨,⇒돗수에
돗수에,#NAME?
돔박낭,동백나무
돌캄낭,돌감나무
돌옷,돌 삭은 곳에 붙는 이끼
돌베낭,⇒꽝베낭
도육남,느릅나무
도데쿨,등대풀. ‘도데’는 일본어 totai에서 온 것
도꼬리,#NAME?
뎅구리,⇒뎅가리
뎅가리,#NAME?
덩케기,⇒덩치
덩치,⇒덩체기
덩체기,#NAME?
덧낭,나무이름. 잎은 등 비슷하고 톱날이 있어 대생(對生)하고 봄에 가지 끝에 작은 흰꽃이 일산모양으로 모여 피고 열매는 붉어 팥과 비슷함(接骨木)
덤벌,덤벌. 김이 무성한것
떡정동,⇒떡정당
떡정당,⇒고냉이풀3
댓섶,댓잎
댑싸리,#NAME?
대정제완지,풀이름 일본어 seuseumenogetabila
다군작낭,#NAME?
놀낭,#NAME?
늣,습기 있는 곳에 나는 단세포식물(單細胞植物)
느끼낭,⇒굴목낭
눈비아기쿨,#NAME?
누룩낭,후박나무
녹촌남,쪽동백
녹낭,#NAME?
노리쿨,⇒노리꿀
노리자리,⇒고요화
노리꿀,#NAME?
노가리,주목나무(朱木)
술춘,#NAME?
술대,주대(낚시줄과 낚싯대)
먹술,먹줄
술,줄
수지2,휴지(休紙)
수제,수저
수세,수세미
수리,#NAME?
수대,물이나 기름 따위를 빨아 올리는 작은 펌푸
쐬손,흙손
솔박,⇒손박
손박,#NAME?
소도깽이,솥 뚜껑
소굴레,재갈. 굴레
세역,쒸애기. 쐐기
세숫대양,#NAME?
세발소,#NAME?
세답배,빨랫줄
성외,채(車柄)
서도테기,석 되 들이 솥
생이집,새장
상제,#NAME?
상삐,⇒상뀌
상뀌,#NAME?
삼갑씰,삼겹실
쌀,살(矢. 扇骨. 輪.軸)
살채기,마소를 막기 위하여 길 요소에 세우는 문
산태부출,들것 대. 사닥다리 테두리 나무
사올대,삿대
사둘,자루있는 둥근 그물
사기그릇,도깨그릇과 사기그릇의 총칭
빗첩,빗접
비천숟가락,놋쇠로 만든 숟가락
비차락,비
비늘,⇒낚시알
불찍대,#NAME?
불그네,부삽 대신 쓰는 고무래
부출엄살밀이,창문 부출에 쇠사리를 만드는 대패
부체,#NAME?
부쇠,부시
부둘,⇒부돌
뽕돌,낚시 추
봉,촉(鏃)
보시,①보시기. ②공기
벵풍,#NAME?
벵기,제구(諸具)
벳짐,배 짐
베창,배밑(船底)
베수기,⇒남죽
베못,배목
베겟모매기,베갯모
베게,베게
번자귀,보통 자귀
버국,부표(浮標)
뱅이혹,#NAME?
짐패,짐을 지는 데에 쓰는 새끼
세답배,빨래를 말리는데에 쓰는 굵은 새끼
물배,물병을 지는 데에 쓰는 새끼
방올,방울
몰방에,말방아. 연자마
남방에,나무 절구
밥차롱,⇒동고량
밥되,식되
박주산,박쥐우산
물박새기,물바가지
박새기,나무바가지
바툼낭,#NAME?
바솜,쇠그릇을 만드는데에 쓰는 골(鑄型)
바레기,달구지. 마차. 일본어baliggi(馬力)에서 온것
바농,바늘
몰채,말 채찍
몰석,말 고삐의 간대개를 제외한 부분
몰방에,⇒몰가리
몰구레,⇒몰가리
밀종이,#NAME?
미레깃대,⇒미레기
물쿠시,물구유
물수건,해녀 작업 때 머리에 쓰는 수건
물배,물동이를 질 때 쓰는 굵은 새끼
묵사지,(墨寫紙). 복사지(複寫紙)
무제미,고삐가 굴레에 달린 부분
무자귀1,#NAME?
못빼기,노루발장도리
목탕,목침(木枕)
목동이,몽동이
모지락비,#NAME?
모꼬지,#NAME?
멕바농,둥구리 같은 것을 깁는 바늘
먹술,먹줄
쇠망울,소에 쓰는것
망울,마소의 입을 막는 통(桶) 모양의 그물
망대기,작은 항아리
두말떼기,두 말 들이 솥
말치,큰 솥
마함,⇒마옴
마옴," =마옴-석 =마함 =몰-마음 말고삐. 굴레
"
덩드렁마께,짚방망이
돌체,①채(柄). ②들것(擔架)
돌랭이,⇒돌랑지
남방에,#NAME?
모동이,⇒모뎅이
갈적삼,감물을 들인 적삼
밀펌벅,밀범벅
밀삼매,밀 중편
물둠비,순두부
묵적,묵을 꿴 적
무은침떡,쌀설기
모힌쏠,멥쌀
모몰돌래,모밀 팥단주
멥=밥,⇒메
멜쳇,멸치 젓
멘물,맹물
멘국,냉국. 건더기 없는 국
메,#NAME?
먹거리,음식. 회식(會食)
만뒤,#NAME?
마농적,파 산적
돈물,민물
갈옷,#NAME?
갈매물,보랏빛 물감
갈등지게,감물을 들인 적삼의 한가지
깍띠,각띠
깍,신의 총
가죽감티,가죽으로 만든 방한모(防寒帽)의 한가지
가막창신,여자 가죽신의 한 가지
히린조떡,⇒차임절미
흐린조떡,⇒차-임절미
피창,순대. 남자의 말
풀탁,⇒푸레죽
푸레죽,#NAME?
표육,⇒보육
팃물,쌀 뜨물
터리괴,떡 이름
탕쉬,⇒탕수
탕수,#NAME?
탄약,탕약(湯藥)
콩지이,콩자반
침떡,설기. 조설기
미역체,미역 생채
노물체,배추 생채
체,생 채소를 간 맞추어 만든 것
청묵,청포
청,꿀
차임절미,#NAME?
좀은밥,국밥
징부찌,한 쪽은 쌀. 다른쪽은 좁쌀로 된 설기떡
집장,찌개. 잡채의 한 가지.
짐치,⇒짐끼
짐끼,#NAME?
지이,마늘. 콩 따위를 저린 것
지숙,⇒제숙
지물,⇒제물
중석,⇒고비리
중게,긴 약과
주제술,소나기술
조펌벅,조 범벅
조팝,조밥
조침떡,조 설기
조축,조죽
조돌래,조 팥단주
조개송편,송편
젯국,⇒젓국
젯,젓
제펜,제사에 쓰는 쌀설기
제육,⇒제숙
제숙,#NAME?
제물,#NAME?
제꾸름,⇒고비리
정심,⇒날밥
젓물,#NAME?
젓국,전국
절벤,⇒동그랑곤떡
전기,⇒전
전,#NAME?
적갈,고기적
장개미,⇒개미장
은절미,모밀로 만든 네모난 떡
유지름,들깨 기름
월미,원미(영위 앞에 올리는 죽)
선밥,#NAME?
상화떡,⇒삼매떡
상기,고명. 향기
왜삼매,흰 증편
보리삼매,보리 증편
밀삼매,밀 증편
삼매떡,#NAME?
산적,산 짐승 고기로 만든 적
사발떡,시루떡의 한가지 사발 모양이며 주로 신에게 기도할 때 씀
빗,설기를 가른 것
보육,=표육. 포육(脯肉). 편포
보리압,보리밥
보리삼매,보리 증편
보리떡,시루떡의 한 가지. 부시기 모양
벨미,(別味). 별식(別食)
방시리떡,부럼떡
밥티,음식에 들어있는 밥알
밥적,⇒밥숟가락
밥숟가락,#NAME?
밥솥읫물,#NAME?
밥방울,밥 알
반지기밥,쌀과 잡곡을 반반 섞은 밥
몰쾨기,말고기
밀팝,밀밥
물장,간장
물떡,메밀송편의 큰 것
묵,가루로 구워 만든 떡
모몰펌벅,모밀 범벅
모몰쿡쉬,모밀 국수
모몰축,모밀 죽
멧쏠,젓메 쌀
멜쿡,멸치 국
멘밥,국과 찬이 없는 밥
멘국물,맨 국물. 국숫물
멘,면(麵). 국수
먹을커,먹는 것 (食物)
맴매,#NAME?
마농지이,⇒대사니짐치
미역체,"미역 생채
"
뒨술,⇒된술
둥절미,길쭉한 쌀떡의 큰것
둠빗물,순물
둠비주시,⇒둠비비제기
둠비비제기,#NAME?
둠비,두부
두리치기,여러 가지 뒤섞은 음식
된술,#NAME?
동짐치,김치의 한가지
동지짐치,나물 줄기로 담은 김치
동그랑곤떡,#NAME?
동구리,눈깔사탕
모몰돌래,메밀 팥단주
조돌래,조 팥단주
돌래떡,둥글고 납작한 떡
떡빗,설기를 가른 것
대사니짐치,#NAME?
누린물,누렁물
누렝이,⇒누넹이
누넹이,#NAME?
넹수,냉수
넹멘,냉면
넹국,끓이지 아니한 국
남남,냠냠이
날밥,#NAME?
금육,(禁肉). 소(素). 음식에 고기나 생선이 들지 아니한 것
군것,끼니 밖에 먹는 군음식
괴기,고기(肉 . 魚)
공정,장사(葬事)때 수고한 사람에게 드리는 음식물
골년,권연(券烟)
골,엿기름
곤죽,쌀죽
곤밥,흰밥
곤물,깨끗한 물
고치장,고추장
고치,고추
고적,장사(葬事)때 일가에서 부조로 드리는 떡 또는 쌀
고장떡,절병의 가장자리를 톱니같이 만들고 물감을 들인것
고삭,장을 담는 데 쓰는 볶은 곡식
고비리,#NAME?
고구짐치,일본식 무김치. 단무지
겡,⇒게영
게영,#NAME?
게기,‘고기’의 어린애 말
것계,먹이의 흔적
것,①먹이. ②자산(資産)
걸명,제사 끝에 잡귀에게 주기 위하여 제물을 조금씩 뗀것
건지,건더기
거스름떡,폐백떡
개장쿡,개장국
개역,미숫가루. 보숭이
개미장,#NAME?
개미,장 또는 메주의 덩이
감쥐주시,감주 찌꺼기
감쥐,#NAME?
간지메,통조림(왜말 ganjeu-me에서 온것)
깍데기,깍두기
환상창고,(還上 倉庫). 사창(社倉)
홈마리,우물마루
헌새,⇒그슨새
포,①들보. ②보. ③잇
펭고디,서까래 끝에 박는 나무. 평고대
펜방,문을 다는 데에 있는 기둥
팡돌,⇒엿돌
투,벽 위쪽 물건을 올려 두는 곳
퇴기,외(棟)
통시,⇒통쉬
통쉬,⇒돗통
클방,기곗방
칙간,⇒돗통
축담,벽담
추년서리,충혀
추년,추녀
초집,초가집
초막,띠로 인 오막
쳇방,마루방과 부엌 새에 있는 작은 마루
청방,안 마루방
척방,책방
처나반,반자
창굼,창 구멍
창꼼,뙤창
집지실,⇒집지슬
집지슬," =집-지실 ⇒지슬.
"
집줄,지붕을 얽어 매는 새끼
집서리,⇒서리
집가제,⇒가지
지팡,지방. 문턱
지엣장,기왓장
지에집,⇒지새집
지에,⇒외
지실,⇒지슬
지슬,#NAME?
지새집,#NAME?
지새,⇒외
지둥,⇒지동
지동,#NAME?
지도리,⇒두주리
지게문,⇒쌀문
주취,주추
주먹낭,대문 기둥
정지,⇒정
정주먹,⇒정
정낭,#NAME?
정,겹담
접담,절(寺刹)
절간,가게
장황터,⇒장팡
장황밭,장보
장팡,#NAME?
입쟁이,문설주
이문간,대문이 달린 간 또는 대문이 달린 작은집
이문,뜰 앞에 있는 대문
유리영창,유리 채광창
위영,⇒우영
울성,울타리 성
울담,울타리 두른 담
우잣담,전곡(돌로 두른 것)
우영,#NAME?
우레안,울타리 안
우녁집,뒷집
우녁거리,뒤채
외막,원두막
외,#NAME?
와채,기와집
와그래,커다란 건물
올래,집으로 들어가는 길. 오래(門)
예젱이문,거적문
엿돌,#NAME?
엽문,협문(夾門)
여채,여유 있는 집. 남은 집
엄막,움막
암톱철귀,암톨쩌귀
암치에,암키와
암방,⇒고팡
알녁거리,앞채
안팡,⇒고팡
안집,뒷골목집
안방,⇒고팡
안거리,안채
쏠칩,⇒쏠전방
쏠전방," =쏠-칩. 싸전
"
술칩,술집
수톱철귀,수톨쩌귀
쇠황,⇒쇠막사리
쇠막사리,⇒쇠막
쇠막,#NAME?
솥덕,부뚜막
셋문,새문
선반,반침
서향터,서향판
서실,⇒서슬목
서슬목,#NAME?
서리,#NAME?
서녁거리,서쪽채
새집,띠집(茅屋)
상자리,정자(亭子)
상사,⇒상뒤칩
상방,마루방
상뒤칩,#NAME?
쌀문,#NAME?
살채기문,사리짝문
살장문,출입구에 있는 굵은 살을 박은 문
사괘맞춤,⇒고사리 맞춤
빈지판,용지판
빈지,집의 벽 틈
빈거리,공채
비스리초막,헐떨어진 오막
불어귀,⇒굴묵어귀
불밋칩,⇒불맷간
불밋간,⇒불맷간
불미황,⇒불맷간
불맷간,#NAME?
북덕방,짚일을 하는 방
창부출,창 테두리나무
산태부출,들것대. 사닥다리 테두리나무
문부출,문얼굴
부출,테두리 나무
봉덕,부엌 가운데에 불을 피우기 위하여 만든 화로의 한가지
벤소,변소
벡토,새벽
벌름,방앗간
뱅이황,빵집
빵칩,윗목
밧자리,바깥채
밖거리,말 외양간
몰막사리,밖을 향하여 달린 미닫이
밀창,미닫이
밀문,지붕의 경사(傾斜)
물메,문짝
문착,⇒두주리
문짱구,문새
문장,문얼굴(門骨)
문부출,육고(肉庫)
무판집,처마 밑. 문 앞. ‘문어귀’에서 온 말. 무뚱<무뚜<무또<문도
무뚱,곁채
목간집,목욕탕
모진서리,모서까래
먼정,멀리있는 정. ‘정’은 대문 대신 뜰 어귀에 거는 나무
막사리,⇒마가지
마리,⇒널마리
마가지,#NAME?
뒤칩,뒷집
두주리,#NAME?
동녘거리,동쪽채
동각귀틀,동귀틀
돗통,#NAME?
돌철귀,⇒도쩔귀
도쩔귀,#NAME?
도갓집,두렛일을 주장하는 집
떡칩,떡집
대문,마루방 문
능화지,반자지(菱花紙)
널마리,#NAME?
금등막,사람 출입을 살피는 막
글청,글방
그슨새,#NAME?
궤팡,⇒고팡
굴묵돌,⇒구둘돌
구절,굴 안에 있는 절(窟寺)
귀클,귀틀
구둘돌,#NAME?
구둘,구들. 온돌
고팡,#NAME?
고사리맞춤,#NAME?
고량캐,부엌앞에 붙은 빈 칸
고딧흑,새우
겉창,덧문짝
거왕,초가집 처마에 새끼를 매기 위하여 달린 나무
개위,인방(引枋)
개당,⇒가릿당
갓집,갓방
간지멧막,통조림 공장
간세,간새. 간살
가지,집-가지=집-가제. 기스락
가시새,⇒가스새
가릿당,#NAME?
힌알,⇒힌동자
회목,⇒장목
회똥,활개똥
활게,활개
환잣부리,부리(입의 속어)
홀목,⇒장목
호박대맹이,호박같이 큰 대가리
허운데기,‘머리카락’을 얕잡은 말
허벅다리,넓적다리
허버레기중버러기,중의 머리. 깍은 머리
허물그르,⇒페적
허멀,#NAME?
항긋,마마
족은한집,홍역
큰한집,마마
한집,마마. 홍역
하매,입병
폴목,⇒장목
폴뚝,⇒폴다시
표적,⇒페적
폭도둑놈,살쐐기
펭창코,⇒코멜색이
페적,#NAME?
팔,삼(눈의 삼)
태두,⇒두테
퀴눈이,티눈
콧짐,콧김
콧대,⇒코대
쇠콥,소기름(牛脂)
손콥,손톱
발콥,발톱
눈콥,눈꼽자기
콥,①눈꼽자기. ②소기름. ③톱(爪)
코핀작,⇒코푸렝이
코푸렝이,⇒코페렝이
코펭챙이,⇒코멜색이
코페렝이,#NAME?
코멜색이,#NAME?
코대,#NAME?
춤,⇒꿈
총두기,⇒총대기꼴리
총대기꼴리,⇒총대기
총대기,#NAME?
총각,땋아서 늘인 머리
천징,천식(喘息)>
창지,⇒베설
창아리,‘창자’를 얕잡은 말
지질,치질(痔疾)
지레,지라
종애,종아리. 다리
좃거울,좃거웃
조종패기,⇒조종머리
조종머리,#NAME?
조쟁이,자지
조롬,밑(尻)
졉,주걱뼈
정세(정쎄),경풍증
정강머리,정가이. 종아리
절변꽝,⇒독머리꽝
쟁겡이,⇒외눈백이
장미,긴 눈썹(長眉)
입부리,⇒입보리
입보리,#NAME?
입바위,입술
입개미,입아귀
임댕이,⇒이멩이
이멩이,#NAME?
이멍생이,⇒이망생이
이망생이," =이멍-생이. ‘이마’를 얕잡은 말
"
웃하늘,입천장. 이붕. 입 하늘
우치,어깨 넓이
용다리빙,문둥병
욕디기,⇒구역정
외발,한쪽 발
오좀,오줌
오몰좃,우멍거지
옆갈리,옆구리
영장,송장
역징,⇒구역정
엉둥페기,엉덩판
엉둥이,⇒엉둥머리
엉둥머리,#NAME?
엄,어금니(牙)
언딘피,선지
어귀뻬,어금니가 붙어있는 뻬(上下顎骨)
어귀,어금니가 있는 부분
어껭이,⇒어께
어께,#NAME?
어걸,자궁(子宮) 탈출된 것
양지,얼굴
야게기,⇒야가기
야가기,#NAME?
애욕,종기 속에 있는 된고름
애,①창자. 내장(內臟). ②마음
안칩,짐승 물고기 따위의 내장
안창,①내장(內臟). ②깊은 속
안주외기손가락,둘째 손가락
안주외기,⇒손아우생이
안잠지,넓적다리 안쪽
아옴내,암내
아랫도리,종아리. 정강이
아궁이상,주걱상
아궁이,⇒아공이
아굼지,⇒아구리
아구리,#NAME?
아공이,#NAME?
씹거울,씹거웃. 씹털
씸줄,⇒씸
씸,⇒심줄
심줄,#NAME?
실게,⇒슬게
시드렁똥,된똥
슬게,#NAME?
쉬염,수염
숭물,기형(畸形)을 가진 병신
쐬닥지,부스럼 껍질이 굳은것
송인,콧병
손콥,손톱
손아우생이,#NAME?
손등얼,⇒손등어리
손등어리,#NAME?
손그뭇,손금
손거심,⇒손거슴
손거슴,#NAME?
손거림,손샅. 손자개미
셍손,생안손
셍발,생안발
셋가시,⇒세가시
세덩치,혀뿌리
세깍,혀끝
세가시,#NAME?
세,혀(舌)
성무니,정강이
설세,설사(泄瀉)
새낏봇,⇒봇
상판이,⇒멘판
상퉁이자리,배코
상퉁이,상투
상손가락,장가락
상발가락,가운데 발가락
살튀,장딴지
살작,살쩍. 귀밑털
산기,오줌소태
사투리,⇒눈사투리
사막,사마귀. 기미
빙신,⇒벵신
빙,⇒벵
비리,옴. 비루
붕에눈,거적눈
불차디,⇒불망탱이
불망탱이,#NAME?
북베기,⇒부에
부으름,⇒부스름
부에,#NAME?
부스름,#NAME?
봇,=새낏-봇. 태반(胎盤). 자궁
볼뻬,광대뼈
볼망뒹이,‘볼’을 얕잡은 말
본숭,⇒베안엣빙신
보푸래미,⇒가시허물
보태,삼. 태(胎)
보람,헌데자리. 다친자리
벵신,#NAME?
벵,#NAME?
벳부기,⇒베야쟁이
벳버줌,⇒군버줌
벳도롱줄,#NAME?
벡다강이,하얀머리(白頭)
뻬,⇒꽝
베창지,배창자
베야지,⇒베야쟁이
베야쟁이,베-야지=벳-다지=벳-부기. 배때기. 배퉁이
베안엣빙신,#NAME?
베설,#NAME?
베봉탱이,배불뚝이
버줌,버짐
발콥,발톱. 굽
발치기,⇒발뒤치기
발뒤치기,#NAME?
발거림,발자개미. 발샅
반페기,반백머리(半白)
몰광꽝,연골(軟骨)
민둥이,⇒민둥머리
민둥버세기,⇒민둥머리
민둥머리,#NAME?
미주꽝,꽁무니뼈
미주,꽁무니
무럽,⇒독
몽섹,몽설(夢泄)
몸짐,체온(體溫)
몸엣거,몸. 월경
목도로기,목청이 붙어있는곳
목구리꽝,숨통의 연한뼈
목구리,①목구멍. ②숨통
모개기,모가지
모감지,멱살
멘판,#NAME?
멘주먹,맨주먹
멘손,맨손
멘발,맨발
멘몸,알몸
멕,맥(脈)
멍얼,⇒멍끌
멍끌,#NAME?
먹는버짐,⇒도리버짐
머릿박,⇒대망생이
머리꾸메기,"머리털‘을 얕잡은 말(끄덩이)
"
말치데맹이,큰 대가리
말축,⇒만축
만축," =말축. ①사마귀. 쥐 젖. ②메뚜기 따위의 총칭
"
막은창,맹장(盲腸)
막니,마지막 이
돋는거,단독(丹毒)
등굽새,등 구부러진 것
들럿,윗눈썹 다래끼
뒷야게,⇒뒷고개
뒷솔기,⇒뒷고방디
뒷고방디,#NAME?
뒷고개,#NAME?
뒤틀음,⇒뒤주치
둑지,어깻죽지
두테,#NAME?
두테,좃
두두레기,두드러기
두더니,불두덩
돗코,매부리코
독무럽,⇒독
독머리꽝,#NAME?
독머리,⇒독
독,#NAME?
또꼬망,똥구멍
도리버짐,#NAME?
덴그르,덴둥이
데맹이,⇒대망생이
데가리,⇒다가리
덧니,⇒덧
덧,#NAME?
더박머리,더벅머리
대창,짐승의 똥집
대맹이,머리’를 얕잡은 말
대망생이," =대맹-이 =데맹-이 =머릿박. ‘머리’를 얕잡은 말
"
달가지,‘다리’를 얕잡은 말
다가리,#NAME?
닛굽,이촉(齒根)
닛겹,이똥
니트멍,잇새
니치름,의식없이 나오는 침
니염,잇몸
니빨,⇒니
니빠디,이 생긴 모양
니,#NAME?
늬활게,사지(四肢)
눈퉁이,눈망울
눈톡,성난 눈살
눈콥재기,⇒눈콥
눈콥,#NAME?
눈사투리,#NAME?
눈방울,눈동자
눈도래기,다래끼
눈두세,양미간(兩眉間)>
눈두께,눈껍질. 눈꺼풀
눈골매,가손. 쌍거풀
눈깍,눈초리
녹대쉬염,텁석부리
넹빙,위경련(胃莖攣)
네종,늑막. 내장등에 생기는 병
급기,급병
귓자락,귀뿔. 귓방울
귓밥,귀지
귀창,귀청
귀역징,⇒구역정
귀아다리,⇒구뚱배기
귀마리,복사뼈. 발꿈치
귀뚱치기,귀밑이 붓는 병
귀뚱배기,⇒구뚱배기
귀뚱이,⇒귀뚱
귀뚱,#NAME?
꿈,#NAME?
굴레,‘입’을 얕잡은 말
굴,배 아래 양쪽 오목한 곳
군버줌,#NAME?
구역정,#NAME?
구불,등 아랫쪽
구뚱배기,#NAME?
굉이,못
꽝,#NAME?
꼽새등,⇒고부랭이
곱새등,⇒고부랭이
곱,#NAME?
곰방,어린애의 손 맵씨
꼴리,⇒꼴랑지
꼴랭이,⇒꼴랑지
꼴랑지,#NAME?
골치,골(腦)
곡뒤,꼭뒤
고치조쟁이,고추모양의 어린애 자지
고실락다강이,⇒고스락머리
고부랭이,#NAME?
고른바닥,발창 한가운데
고롬똥,곱똥
고롬,고름(膿)
게춤,가래침
검은동자,검은자(瞳)
검은곡뒤,#NAME?
껄,⇒꺼럭
걸니,송곳니
걱데,‘걸대’를 얕잡은 말
꺼럭,#NAME?
거울,거웃. 털(머릿-거울)
거슴,거스러미
거수엣빙,거위배
거림,자개미(손-거림. 발-거림)
개좃,윗눈썹 다래기
개씹,아랫눈썹 다래기
강알트멍,⇒강알
강알,#NAME?
갈리,갈비
간세터럭,솜털
각,⇒가달
가심,가슴
가시허물,#NAME?
가달,#NAME?
쥐헤치,쥐 해에 난 사람. 쥐띠(子年生)
쥐인,주인
중버러기,중 머리와 같이 머리를 깍은 사람
죽쉬다리,못난 사람의 별칭
주머리,우두머리(首領)
좌쉬,좌수(座首)
물룻졸레기,무룻을 조르는 사람
소곰졸레기,소금을 조르는 사람
졸레기,조르는 일을 하는 사람
존위,①마을존장. ②마을 일을 맡아보던 우두머리 토직(土職)
족은어멍,숙모(叔母)
족은아방,⇒족은삼촌
족은상제,작은상제
족은삼춘,#NAME?
족은사위,끝엣사위
족은메누리,끝엣며느리
족은말젯아돌,다섯사람중 네째아들
족은말젯상제,다섯사람중 넷째상제.
족은말젯사위,다섯사람중 네째사위
족은말젯놈,다섯형제중 네째
족은놈,작은 놈(둘째 이하)
족은각씨,첩(妾)
조캣버릇,조캇벌
조캐,조카
젯군,곗군. 계원(契員)>
제집,#NAME?
제미,#NAME?
정시,지관(地官)>
정남헤치,염소해에 난 사람. 염소띠(未年生)
절룩발이,⇒절락발이
절락발이,⇒전태
전태,#NAME?
저대,⇒저기
저기,#NAME?
재비,제 아비. 얕잡아 하는 말
장시,장수(商人)
장쉬,장수(將帥)
장돌뱅이,머슴. 인부(人夫)
장남,작자
작제,⇒작산거
작산놈,#NAME?
작산거,재껄거리기 잘하는 사람의 별칭
자주와기,⇒역은아기
욕은아기,아주 이악한 사람
일곱돌뒹이,일곱달만에 난 사람
일가방상,⇒괸당
이원,⇒으원
이사,의사(醫師)
이리동셍,#NAME?
이녁,아내가 남편에 대한 호칭
의새끼,⇒에새끼
의똘,⇒에똘
음골,탐음가(貪淫家)
으원,#NAME?
으른,어른
육지문딩이,육짓놈
유우리,고아(孤兒). 편친(偏親) 밑에 있는 아이
웃드릇놈,산간지대에 사는 사람
운상군,상군
우시,들러리
용다리,⇒문딩이
요인쟁이,뚜장이
요망다리,요망스러운 사람을 얕잡은 말
왼자취,왼손잡이
외팔동이,외팔이
외눈백이,애꾸눈이
외고집다리,자기 뜻만을 고집하여 융통성이 없는 사람
왈캐기,왈패. 왈자
오좀쌔기,오줌싸기
오라방,오빠
오라비님,오라버님
예펜,여편네. 부인(婦人)
괴움,고임
괴벤,익살
공편,⇒공반
공초사,#NAME?
공상,①위함. ②짐승의 키
폭,팽나무 열매
우방,우웡
밀체,#NAME?
무시리,끈기없는 조 품종 이름
베염페기,#NAME?
넙곽,다시마
등너출,등 넝쿨
감제꿀,고구마 덩굴
너삼,⇒고삼
내깔리,강에 흘러내린 낙엽
낭주죽,⇒낭주적
낭주적,#NAME?
낭베설,나무 속
낭덩치,⇒낭덩체기
낭대기,나뭇개비
낭곶,나무 숲
낭거림,나뭇가지 자개미
남총낭,종려나무(棕櫚)
남소왕이,호랑이 가시(格木. 九骨)
난지,⇒난생이
난생이,#NAME?
나록찝,⇒나록찍
글히역,수크령
귀막쉬,⇒귀마구리
귀마,국화마
꿩발,파드득나물
궁겡이,궁궁이(천궁)
굼낭,꾸지나무
굼각초,#NAME?
굴묵이,⇒굴목낭
굴목이,⇒굴목낭
굴낭,굴피나무
굴게낭,⇒국활
구엽초,좀꿩의 다리
구름페기,#NAME?
구렁대,#NAME?
굉이,옹이
꽤,참께
꽝낭,⇒개꽝낭
곶,산숲
꼼치,#NAME?
고삼,#NAME?
고배기,고비(薇)
고롬쿨1," =젖-쿨. ①젖 나는 풀의 총칭. ②땅빈대.
"
고능풀,⇒고네할미
고냉이풀3,#NAME?
고냉이풀1,#NAME?
고냉이똥,#NAME?
게염지탈,#NAME?
검질,검불. 김(雜草)
개탕지낭,⇒개살구낭
개죄피낭,⇒개제피낭
개옻낭,검양옻나무
개셍게1," =몰-셍게 =술.소루쟁이
"
개살구낭,#NAME?
개불낭,개 불알 모양의 작은 열매가 둘씩 붙어있는 나무
개베릉개,#NAME?
개바농,⇒가마귀바농
개난독낭,왕초피나무. 잎은 먹지않고 열매는 약재로 씀
개꼿낭,해안메꽃
강쿨,노루귀
갓데제완지,누른 물감의 원료가되는 풀 이름(藎草)
갈대,대의 한가지
각단,띠의 짧은 것(短茅)
가쟁이,#NAME?
가시엄낭,엄나무
가시새,⇒가스새
가시덤벌,가시덤불
가승마,음양곽(淫羊藿). 삼지구엽초(三枝九葉草)>
가스릉낭,⇒가스레기낭
가스레기낭,#NAME?
가마귀지장,#NAME?
가마귀바농,#NAME?
힌밥주리,흰잠자리
하막,비단개구리
티,⇒버렝이2
진쉬,⇒멜뤼
진독,#NAME?
지넹이,⇒주넹이
주얼,등애
재열,⇒재
재,#NAME?
자최,#NAME?
왕잴,⇒왕재열
옷벗은돌뱅이," =집읏은-돌뱅이. 민달팽이
"
심방나비,호랑나비
쒸,⇒쉬
수펄,벌의 수컷(雄蜂)
서미역본대기,진딧물
사상벌,#NAME?
붉은게염지,불개미
부구리,둥근 모양의 진드기
넘피,#NAME?
너출,⇒꿀
너덩,다랫넝쿨
낭토막,나무 토막
낭주적이,⇒낭주적
낭절,나뭇결
낭섬비,#NAME?
낭뎅이,대
낭덩체기,⇒낭그르
낭그르,#NAME?
낭께기,지저까비
낭,⇒남
남초,담배(南草)
남,#NAME?
난쟁이,⇒난생이
난독낭,좀머귀나무
나록찍,#NAME?
그르,그루(株)
귀마구리,#NAME?
꿩조,꿩의 밥
굼광초,⇒굼각초
꿀,#NAME?
굴묵낭,⇒굴목낭
굴목낭,#NAME?
굴피낭,⇒국활
국활,#NAME?
구룽피,감탕나무
구룸비낭,가마귀쪽 나무
꾀꽝낭,쥐똥나무
꽝베낭,#NAME?
광나니쿨,⇒고냉이풀1
공초,⇒꼼치
곤저리쿨,싸리
고롬쿨2,#NAME?
고로쿨,⇒고네할미
고네할미,#NAME?
고냉이정동,⇒고냉이정당
고냉이멀뤼,가마 귀머루
고개초,애기똥풀
게에기,화본과(禾本科)에 속한 풀 이름. 줄풀 비슷하나 뿌리에서 잎이 모여 나고 겨울에도 푸름
검북낭,풍개나무
개탕쉬낭,⇒개살구낭
개제피낭,#NAME?
개유,들깨의 한 가지로 씨가 작음
개성게2,수영
개비눔,비름
개반초,#NAME?
개낭,누리장나무
개꽝낭,#NAME?
개고치낭,#NAME?
강낭꾀,해바라기
감태,주름대망
갈남,떡갈나무
간잘귀,개똥참외
가젱이,⇒가쟁이
가시틀낭,산딸기나무의 한 가지
가시리,풀가사리
가시릉낭,⇒가스레기낭
가스새,#NAME?
가스르기낭,⇒가스레기낭
가세축,#NAME?
가마귀숟가락,살마. 반하(半夏)
가마귀마께,가마귀 벼개
흘,허물. 뱀이 벗은 엷은 가죽
하늘강생이,땅강아지(土狗)
청벌,꿀벌
진둑,⇒진독
지충,⇒굼벵이
준시,⇒맬뤼
주넹이,#NAME?
잴,⇒재
재리,⇒재
장콜래비,⇒①강베록2. ②독다구리1
자치,⇒자최
외부구리,황색 진드기
왕재열,#NAME?
쉿버렝이,가시. 구더기
쉬,#NAME?
쇠,검은 풍뎅이
솔충,⇒소낭버렝이
서미역,진디
사장벌,⇒사상벌
붕댕이,⇒두메기
불한듸,반디
뻬비,활부비
베록,벼룩
벌좃,살(蜂針)
버렝이1,#NAME?
밥게2,#NAME?
밤버리,⇒물새
물해래비,⇒물하라방
멜뤼,#NAME?
만축," =말축. ①메뚜기 따위의 총칭. ②사마귀. 쥐젖
"
두미에기,⇒두메기
똥버렝이,똥구더기
베염,뱀
베렝이,⇒버렝이
버렝이2,#NAME?
밥주리,⇒물새
미리,용(龍)
물하라방,#NAME?
물컷,피부의 기생충. 모기. 벼룩. 이. 빈대들의 총칭
멩마구리,맹꽁이
멘주아기,⇒강베록1
말축,⇒만축
돌뱅이,달팽이
두테비,두꺼비
두메기,#NAME?
돗줄레,율모기
니,이(蝨)
누에씨,누에 알
남쇠,#NAME?
곡주아기,⇒곡좨기
곡다귀,각다귀
그샛잴,⇒고샥잴
굼벵이,#NAME?
공중이,귀뚜라미
고치잴,⇒고샥잴
고노리1,⇒강베록1
게우리1,지렁이
게여미,게염지. 개미
거멀,⇒거말
강베록2,#NAME?
흑돔,검은 도미
홍에,홍어
포갑,전복껍질(鮑甲)
졸맹이,용치놀래기
조우럭,#NAME?
조개기거죽,⇒조개-겁죽
조개겁죽,#NAME?
장이,⇒붕에
자리,자돔. 모양은 도미와 같으나 작고 길이 8cm정도
웽이,흑돔
오톰셍성,⇒셍성2
오토미,⇒셍성2
오분재기,⇒바르
어렝이,어렝놀래기. 황놀래
어금조재기,⇒어금
아우생이,⇒구셍이
술멩이,놀래기의 한가지. 세로 각색의 아름다운 줄이 있음
수두리,바다 우렁이의 한가지. 모양은 원추형(圓錐形)으로 끝빨고 껍질에 뿔이 없으며 딱지는 굳은 가죽임
솔나리,⇒셍성2
셍성2,#NAME?
새위,새우
비근다리,⇒비께
붕에,#NAME?
봇,알주머니
밀폭쟁이,미끄러운 복
나부복쟁이,나비. 무늬있는 복
복재기,줄도화돔
보살돔,거무스름한 도미의 한 가지
보건치,조기
벨근쟁이,#NAME?
베이기,⇒베기
베기,#NAME?
바르,#NAME?
미영치,⇒멩치
물꾸럭,⇒문게
문데기,소라 모양이고 껍질이 미끄러우며 아람만큼 큰 조개
문게,#NAME?
모살조개,모래에 사는 조개이름
멩태,명태
멜우럭,우럭의 한가지
멕쉬,모양은 붕어와 비슷하고 작으며 황록색(黃綠色) 또는 흑록색(黑綠色)의 바다고기
감은돔,#NAME?
돌킹이,껍질이 매우 굳으며 그리 크지아니한 바닷게의 한가지
도롱이,⇒도렝이
덤부지,물고기이름. 일본어 tomagulo
덕고기,바닷가 바위 위에서 낚는 고기
대엽,#NAME?
닥살,#NAME?
놀치,날치
깅이,⇒겡이
귀살,⇒구살
구젱기,⇒구제기
구셍이,#NAME?
구문쟁이,‘다금바리’의 한가지. 일본어 ala
구릇,⇒구루찌
괴기,고기. 생선
골생이,⇒고맹이
고생이,⇒고맹이
고등에,고등어
겡이,#NAME?
게스리,#NAME?
검은돔,⇒감은돔
거펑,#NAME?
갓돔,모양은 도미와 비슷하고 검으며 비늘은 아주 잔 바다고기
갈치꽁댕이,⇒갈치꼴랭이
갈치,칼치
각제기,전갱이
가다리,#NAME?
황쇠,황소
활등이,⇒하등이
하등이,#NAME?
돗보리,⇒남쇠
독다구리2,큰 메뚜기
떠렁쇠,투구풍뎅이
능구레기,능구렁이
곡좨기,#NAME?
극샥재열,⇒고샥잴
귀막쉬,벙추. 울지 않는 매미
구렝이,구렁이
곤밥주리,푸른 잠자리
고치밥주리,붉은 잠자리
고시약재,⇒고샥잴
고노리2,⇒강베록2
게우리2,⇒거수에
게염지,⇒게여미
거수에,#NAME?
거말,#NAME?
강베록,#NAME?
가개비,청개구리
황돔,붉은 도미
코토대기,담치. 껍질은 검고 두 장임
척갑복쟁이,육각복. 책갑 모양인데 먹지 아니함
졸락,⇒조우럭
조갱이,⇒조개기
조개기,#NAME?
저립,‘가다리’와 같은데 살이 검음
은에,은어(銀魚)
우럭,바다 고기이름. 빛은 붉고 머리와 입이 큼. 일본어 gasaggo
오톰,⇒셍성2
오징에,오징어
어우셍이,⇒구셍이
어금조갱이,⇒어금
어금,#NAME?
심돔,흰 도미
술래미,가자미
솜,성게의 한가지. 빛은 다갈새(茶褐色)이며 가시가 잘고 모양이 작음
손치,퉁쏠치
셍성1,생선
상의,상어
비늘,비눌
비께,#NAME?
북바리,붉고 얼룩점이 있는 바다 고기 아름 (赤魚)
척갑복쟁이,책갑 모양의 복
돈물복쟁이,민물에 있는 복
복쟁이,복
벨긴쟁이,⇒벨근쟁이
베체기,거북손
베말,아기삿갓조개. 돌에 붙어있는 삿갓모양의 조개
방장물꾸럭,거미불가사리
밀폭쟁이,미끄러운 복 (먹음)
미끄라지,미꾸라지
물이실,해파리(水母)
물게스리,⇒게스리
문다두리,소라모양의 작은 조개
무낭,흑산호(黑珊瑚). ‘무낭’은 ‘물낭’에서 온것
모도리,악상어
멩치,#NAME?
멜,멸치
메홍이,주리고둥
돈물복쟁이,민물에도 있는 복의 한가지(먹지못함)
갓돔,모양은 도미 비슷하고 검으며 비늘이 잔 바다고기
돔,도미
도렝이," =도롱이. 괭이상어. 충남 서산에서는 ‘씬도롱’. ‘단도롱’이라고 함
"
덕자리,바닷가 바위에서 잡는 자돔
대엽조갱이,⇒대엽
딱살,⇒닥살
다금바리,농어와 비슷하나 등은 보랏빛을 띤 연한 푸른빛의 바다고기. 일본어 hong ala
나부복쟁이,나비 무늬가 있는 복의 한가지(먹지 아니함)
기드레기,⇒게드레기
굼벗,등에 잔 껍질이 비늘 같이 한줄 있고 돌에 붙어 사는것
구제기,#NAME?
구살,#NAME?
구릿,⇒구루찌
구루찌,#NAME?
곰바리,바다고기 이름
고질맹이,⇒고맹이
고맹이,#NAME?
고도리,모양은 고등어와 비슷하고 멸치보다 조금 큰 바다 고기
게웃,전복창자
게드레기,#NAME?
검넝,⇒거펑
개오리,가오리
감은돔,#NAME?
갈치꼴랭이,#NAME?
갈게스리,지네 모양이 갯지렁이
가막보리,섭조개
가마귀물꾸럭,불가사리
후각,짐승의 뒷다리(後脚)
황개,누렁개
파부,교미에 쓰는 수말(把夫)
퇴끼,⇒퇴께
쾨키리,⇒쾨끼리
콥,①쇠기름. ②톱(爪)
추가라,다갈색(茶褐色)을 띤 검은 말
총아락쇠,총알락소(尾部白)
지달,⇒지다리
중성기,악대소
족제비,족저비
족발이,비틀걸음을 하는 발을 가진 병신소 또는 병신말
제마,준마(駿馬). (才馬)
제노린어럭쇠,조금 누런 빛과 흰빛이 섞인 얼룩소
제노린소,조금 누런소 (淡黃色)
접진거,앞다리가 탈구(脫臼)된 병신소 또는 병신말
접작뻬,소 또는 돼지의 목과 어깨의 뼈
접박뿔,옆으로 길게 향한 뿔
접,마소의 어깨
전각,짐승의 앞다리(前脚)
초적다,모시갈기 모시총이 나는 담 적색 말(淡赤色馬)
구렁적다,조금 붉은 말. 고치적다와 초적다의 중간
고치적다,빨간 말
짝갈리,⇒외갈리
일희,이리(狼)
일곱쇠,①일곱 살된 소. ②일곱마리 소
일곱부사리,일곱 살된 불 아니 깐 수소
일곱,소의 일곱 살
이수매,두 살된 말
보은유마,#NAME?
검은유마,흑갈색말(黑褐色馬)
유마,총이 검고 네 다리에 흰털이 있는 갈색말(褐色馬)
노린월라,누런털에 흰털이 조금 섞여 있는 얼룩말(黃白斑馬)
검은월라,검은 털에 흰털이 조금 섞여 있고 안장곳에 흰털이 있는 얼룩말(黑白斑馬)
원셍이,원숭이
우매,#NAME?
외갈리,#NAME?
염쇠,⇒염송애기
염송애기,#NAME?
여히,⇒여시
여시,#NAME?
여습쇠,여섯 살된 소
여습부룽이,여섯 살된 수소
여습,소의 여섯 살
어레기,⇒어럭쇠
제노린 어럭쇠,엷은 누런 빛과 흰빛이 섞인 얼룩소
식어럭쇠,검은 빛. 누런 빛의 혼색(混色)위에 흰 빛이 섞인 얼룩소
노랑 어럭쇠,누런 빛. 흰 빛이 섞인 얼룩소
검노린 어럭쇠,검은 빛. 흰 빛. 누런빛이 섞인 얼룩소
검은 어럭쇠,검은 빛. 흰 빛이 섞인 얼룩소
어럭쇠,#NAME?
어럭돗,얼룩돼지
어럭개,얼룩개
암톳,암퇘지
알아구리,⇒솔듸
아홉,구릅. 소의 아홉 살
아강발,돼지발통
씸줄거리,흘떼기
씰간저니,이마에 가는 흰줄이 있는 말
식어럭쇠,검은빛. 누런빛. 흰빛이 섞인 얼룩소
식쇠,⇒슥쇠
식돗,⇒슥돗
식,삵(狸)
슥돗,#NAME?
숭,돼지 배때기
수톳,수퇘지
수코냉이,수코양이
쇠아지,⇒송애기
쇠니치름,쇠침
식쇠,검은빛과 누런 빛이 섞인 소
어럭쇠,얼럭소(斑牛)
제노린쇠,누런 빛이 엷은 소(淡黃色牛)
검은신쇠,등에 누런 털이 약간 있는 검은 소
노린신쇠,머리와 꼬리에 검은 털이 약간 있는 누런 소
검노린쇠,검은 빛을 띤 누런 소
검은쇠,검은 소
황쇠,누런 소
쇠,소.털빛에 따른 소의 품위는 다음과 같음
송애기새끼,송치
송애기,#NAME?
솔듸,#NAME?
새위등,등이 구부러진 소
새쇠,안 가르친소. 풋소
새송애기,부룩송아지. 안 가르친 송아지
삼수매,세 살 된 말
삼등이],등 가운데가 뾰족 나오고 그양쪽이 들어간 말
산톳,멧돼지
산태뿔,앞으로 길게 향한 소뿔
산산이,방둥이
산매,산말(山馬)
산고냉이,⇒드릇고냉이
사롭송애기,세 살된 송아지
사롭,소의 세 살
사농개,사냥개
비피,소 또는 돼지의 허리 아랫부분 (薦椎部)
비근다리,돼지피부병의 한 가지
뿔벗임,소의 뿔이 벗어지는 것
북개,북술개
부인유마,황갈색 말 (黃褐色馬)
부사리,불을 까지 아니한 늙은 소
부룽이,⇒부렝이
부렝이,#NAME?
복시다리,허리뼈가 상한 병신 말 또는 병신소
하등이,등이 들어간 소
족발이,비틀걸음을 하는 발을 가진 소
복시다리,허리뼈가 상한 소
갈뛰다리,뒷다리가 탈구(脫臼)된 소
벵신쇠,병신소
하등이,등이 들어간 말
족발이,비틀걸음을 하는 발을 가진말
접진거,앞다리가 탈구(脫臼)된 말
삼등이,등이 뾰족나오고 그 양쪽이 들어간 말
복시다리,허리뼈가 상한 말
고부랭이,등이 뾰족나온 말
갈뛰다리,뒷다리가 탈구(脫臼)된 말
벡돗,흰돼지
베어럭쇠,⇒베아락쇠
베아래기,배어루러기
베아락쇠,#NAME?
밭갈쇠,밭갈이. 소
발통,굽(蹄)
벡마,흰 말
유마,갈색 말(총은 검음)
열,십수매(열릅)
홉아,구수매(아습)
일곱,칠수매(이릅)
여습,육수매(여습)
다습,오수매(다습)
사롭,삼수매(사릅)
다간,이수매(이듭)
금승,금승마(하릅)
물톳,⇒물토새기
물토새기,#NAME?
물쇠,물소
묘족뿔,짜른 소뿔
멘백이,#NAME?
먹가라,새까만 말
도람쥐,⇒도라미
도라미," =도람쥐. 박쥐
"
등부뜬갈리,돼지 가슴뼈 붙은 한쪽 갈비
뜬부룽이,⇒뜬부렝이
뜬부렝이,#NAME?
드릇고냉이,#NAME?
동고개,곧은 목. 곧은 목 가진 소
아강발,발통
네복,내장(內臟)
비피,엉치(薦椎部)
후각,뒷다리(4위)
일룬,허리뼈 부분. (제일 하위)
숭,배(腹部). (3위)
외갈리,가슴뼈를 뺀 다른 쪽 갈비
등부뜬갈리,가슴뼈 붙은 한쪽 갈비
전각,앞다리(2위)
접작뻬,목과 어깨뼈(頸部肩胛)
솔듸,=알-아구리. 머리하반부(頭部下半) (1위)
머릿박,머리 상반부(頭部上半)
돗지름,비계
슥돗,혼색 돼지(混色豚)
벡돗,흰 돼지
어럭돗,얼럭 돼지
검은돗,검은 돼지
돗,⇒도새기.<돼지 품위는 다음과 같음.>
도새기,#NAME?
도롱이빙,⇒도랭이빙
도랭이빙,#NAME?
대뿔,비긋이 위로 길게 향한 소뿔
땅강생이,발바리
당나귀,나귀
다습부룽이,다섯 살 된 수소
다습,소의 다섯 살
다간송애기,두 살된 송아지
다간,소의 두 살
노린월라,황백색 얼룩말(黃白斑馬)
노린어럭쇠,황백색 얼룩소(黃白斑牛)
노린신쇠,머리와 꼬리에 검은 털이 있는 소
노린개,누렁개
노리,노루
묘족뿔,짜른 뿔
산태뿔,앞으로 길게 향한 뿔
대뿔,비슥이 위로 길게 향한 뿔
접박뿔,옆으로 길게 향한 뿔
건지뿔,뒤로 길게 향한 뿔
노각뿔,은백색 뿔
노각뿔,은백색(銀白色)의 소뿔.<소뿔의 품위는 다음과같음.>
나비," =납 =좃-나비. 잣나비
"
나롭쇠,네 살된 소
나롭부룽이,네 살된 수소
나롭,소의 네 살
삼수매,세 살된 말
이수매,두 살된 말
납,나비
일곱,소의 일곱 살
여습,소의 여섯 살
다습,소의 다섯 살
나롭,소의 네 살
사롭,소의 세 살
다간,소의 두 살
금승,소의 한 살(今生)
금송애기,한 살된 송아지
귀옥쟁이,귀느래
굴칩,짐승의 허리 아랫부분
구렁적다,붉은 말. 고치적다와 초적다의 중간
괴,⇒고냉이
고치적다,빨간 말(赤色馬)
고부랭이,곰배말
고냉이,#NAME?
검은월래,⇒검은월라
검은월라,#NAME?
검음어럭쇠,흑백색(黑黃色)이 섞인 얼룩소(黑白斑牛)
검은신쇠,등에 누런털이 있는 검은 소
검노린어럭쇠,흑황색(黑黃色)에 백색이 섞인 얼룩소
검노린쇠,검은 빛이 도는 황소
걸귀,여윈 짐승
건지뿔,뒤쪽으로 길게 향한 소뿔
강생이,강아지
감은유마,흑갈색말(黑褐色馬)
갈뛰다리,뒷다리가 삐어진 병신소 또는 병신말
추가라,다갈색 말(茶褐色馬)
먹가라,새까만 말
할기새,⇒하기새
하늘생이,⇒드릇생이
하기새,#NAME?
짓,깃(羽)
지레기,⇒그레기
준작,⇒순작
좁생이,⇒밥주리생이
장빙애기,⇒수핑애기
응취,#NAME?
왁새,새 이름. 밤에 왁왁 울며 날아다님
올리,⇒올랭이
올랭이,#NAME?
오빰,올빼미. 부엉이
암핑애기,암병아리
씹이비죽새,종달새의 별칭
씨깝,밑알
순작,#NAME?
수핑애기,#NAME?
소로기,⇒소레기
소레기,⇒똥소레기
소낭생이,⇒돔박생이
생이2,⇒밥주리생이
생이1,새(鳥)
샌맥,⇒산맥
새잽이,새매
산맥,#NAME?
빙애기,⇒비애기
비애기,#NAME?
비들귀,비둘기
바닥생이,바다새
모시고기약생이,⇒모스고기약생이
모스고기약생이,#NAME?
드릇생이,#NAME?
뚜럼,두루미
똥소로기,⇒똥소레기
똥소레기,#NAME?
돔박생이,#NAME?
도롱태,새매의 한가지
놀개기,⇒놀개
놀개," =놀개기. ①날개. ②지느러미.
"
기레기,⇒그레기
그레기,#NAME?
꿩빙애기,께병이. 주리끼
게위,⇒게우
게우,#NAME?
간치,⇒가치
가치,#NAME?
환전,환생하여 갚는 돈
헌벌,벌을 정하는 것
헌당,허물어진 당
허바지옥,혀를 빼버리는 지옥
허궁애기,무속 신화의 주인공의 하나
할망상,할망신을 제사하기 위하여 차린 상
할망디,⇒할망당
할망당,#NAME?
할망날,할망신을 제사하는 날인데 셋과 일곱이 붙는 날
한집,마을 수호신인데 ‘쉬멩이’라는 여자 신의 존칭
푸다시,푸닥거리
토주관,마을 수호신
코시,고사(告祀)
칠성부군,⇒칠성
칠성,#NAME?
칙간동티,주당
첵귀,잡귀
천지왕,저승 신 이름
천왕불도,(天皇佛道). 불교
천왕보살,(天皇菩薩). 첫 번째 보살
지왕불법,(地皇佛法) 불교
지왕보살,(地皇菩薩). 두 번째 보살
지영할망,⇒삼승할망
지산국,고산국의 동생(妹) 되는 신 이름
죽사니,잡귀
조왕할망,부엌을 차지한 신인데 남선비는 ‘조왕할아방’이 되었다고 함
조왕,부엌을 차지한 신 이름
입담,병이나 재앙을 제거하기 위하여 잡귀를 쫓을 때 하는 말
인왕불도,(人皇佛道) 불교
인왕보살,(人皇菩薩). 세 번째의 보살
원천강,하늘에서 내린 것이라는 말
원수룩,부처님께 자식을 달라고 비는 것
외조외펜,(外祖 外便). 외가편의 조상과 일가
옥사장,저승에서 옥사(獄事)를 맡은 신
오라사슬,오라와 쇠사슬
영등할망,⇒영등신
영등제,⇒영등굿
영등신,#NAME?
영등대,영등굿에 쓰는 긴 장대
영등굿,=영등제. 영등신을 보내기 위하여 음력2월 13일부터 15일까지 행하는 무당 제사
역가,무당 제사 때 신에게 바치는 물건. 곧 쌀. 돈. 피륙들
여리불법,석가여래 불법(如來佛法)
엑막이,액(厄)을 막고 집안의 평안을 비는 무당 행사
심방,무당
신의성방,신의 형방(形房)
송낙,무당 제사 때 쓰는 모자
송국성,소천국의 아들로서 한라산의 산신이 되었음
소천국,천자국에서 왔다는 알송당의 당신 이름
소미,머리되는 무당 밑에서 무당 행사를 돕는 작은 무당(小巫)
세경,신화상의 세계이름
성조성펜,(姓祖姓便). 성(姓)편의 조상과 일가
서경불도,서경의 불교
새,잡귀(雜鬼)
상돌,제사하기에 가장 좋은 달
상날,제사하기에 가장 좋은 날(上日).
삼싱할망,⇒삼승할망
삼승할망," =삼싱-할망 =지영-할망. 잉태 해산을 주관하는 여자 신으로서 제주도 무가에서는 ‘과양선이지집년’이라고 불리는 과양의 여자신이 ‘삼승할망’이 되었다고 함
"
산판,무당이 점을 칠때 쓰는 기구로서 놋으로 만들고 안팎 구별이 있는 엽전 모양의 것
산신벡관,(山神百官) 한라산 산악지대에 있는 남자 신들
비념,놀라거나 신의 노여움을 받았을때 신에게 비는 말
본향당,마을 수호신을 모신 당
본향,(本鄕). 어떤 신이 차지한 마을
본풀이,신의 근본을 푸는 무가
본,무가(巫歌)의 내용을 이루는 신의 근본
벡조할망,알송당의 당신. ‘소천국’의 아내되는 신 이름 (뒤에 이혼하였음)
벡조또,서울에 있다는 신 이름
벡조,⇒금벡조
문복단점,복을 물어보기 위하여 점을 치는 것
멩진국,여자 신이 있다는 신의 나라
멩왕,염라왕의 별칭(冥王)
동경불도,동경의 불교
또,무속에서 신(神)을 일컫는 것
덕담,놀라 넋을 잃었을때 신게 비는 말
단궐,⇒단골
단골,#NAME?
노머리또,김녕리 자원당의 신 이름
느진드기정하님,신화에 나오는 여자 종 이름
노일저대,남선비 신화에 나오는 신 이름
넋들이,몹시 놀랐을때 넋을 들이기 위하여 신에게 비는 것
남선비,문전본(門前本) 무가(巫歌)의 주인공 되는 신 이름
나찰,잡귀
나깨시리,무당 제사에 쓰는 통째로 된 시루떡
금상,서울에서 왔다는 세화리의 당신 이름(남자 신)
금벡조," =벡조. ‘벡조또’의 딸로서 서울에서 왔다는 웃송당 당신이름
"
귀양풀이,진부정가심
구렁지옥,캄캄한 검은 지옥
관사전부인,김녕리의 당신 이름
퇴께,#NAME?
태상백이,이마 흰 소 (額白牛)
쾨끼리,#NAME?
추마,회색 말 (灰色馬. 焦馬)
초적다,모시갈기. 모시총이 있는 담적색 말(淡赤色馬)
좃나비,⇒나비
지달피,지다리의 가죽
지다리,⇒오로
중숭,짐승
접진거,앞다리가 탈구(脫臼)된 소
아홉,소의 아홉 살. (이하(以下)스물까지 있음)
가냐귀,가마귀
가수리,무당제사에 아직 나오지 못하였던 신들을 대접하는 마지막 제사
호미공쟁이,⇒덧머리
헤서,해서(楷書)
풀색각시놂,각시놀음
펭기,#NAME?
판씨름,공개된 씨름
청에,앙감질
천필,철필
찌기,제기
조리극,옛날 팔월 보름날 남녀가 노래 부르고 춤추며 줄다리기를 하던 놀이
장수꼬녀,고누 이름
장귀,①장기. ②장구(杖鼓)
오제미,닥공기
연타발,연줄 끊기 경기
연술,연줄
알대,아래에 있는 대
머릿대,머리에 있는 대
연걸릴락,⇒삿
어질현대,대각선(對角線)으로 붙인 연대
숭털내기,흉내내기
숫,윷놀이의 윷
삿,#NAME?
비패,⇒부패
붓도갑,붓두껍
버리,연뿌리줄
배뛸락,줄넘기
반공쟁이,⇒덧머리
몽근붓,몽당붓
멩창,명창(名唱)
머릿대,⇒머력살
돌음잭이,⇒돌음작
돌방,연 가운데에 있는 달 모양의 둥근 구멍 또는 연 머리에 붙이는 둥근 종이
도롱춤,어깨춤
덧머리,#NAME?
대양,#NAME?
노리개,놀음
귀꼬녀,고누이름
굴메,#NAME?
꼰,⇒고니
꼬녀,⇒고니
개오리연,가오리 모양의 연
혼숨밭,한 숨에 갈수 있는 넓이가 되는 밭
파니,뙤야기
태작,타작
총거름체,굵은 총체
촐눌,꼴 데미
착부지,⇒착멕
질메,길마
찍단,짚 도막
지심,⇒검질
지메,#NAME?
중물호박,중간 호박
중물,중간 수확물
줄갈래,가래
주젱이,⇒주제기
주데,⇒쇠주데
쟁기,⇒잠대
이렁,⇒고지
용시,농사
오리목,밭갈 때 성에 끝에 달아 장기를 끄는 데에 쓰는 물건
오랑,#NAME?
쇱씨,밑거름을 안 주어서 씨를 뿌리는 것
쇠줄,⇒쇠-주데
쇠왓배,⇒쇠앗배
쇠석,고삐
솜비줄,밭갈 때 장기를 당기는 굵은 줄
성이,⇒성에
섬피,갈아 놓은 밭 바닥을 고르는 농구(나무가지로 엮어 만듦)
설메,써레
가달석,굴레
서,곡식을 익기 전에 먹는 것
비렁박전,곡식이 잘 안되는 척박한 밭
부림패,밭갈 때 오른손에 잡아 소를 어거하는 고삐
보리클,벼훑이
벳톨레,장기에 볏을 붙이는 긴 막대기
벳칼,①장기에 볏을 붙이는 두 낱의 나무조각. ②볏에 붙은 흙을 떼는 나무칼
벤줄fp,구멍 뚫는 따비의 한가지
흑벙뎅이,흙덩이
벙뎅이,#NAME?
버을레,장기의 성애와 그 아랫나무를 고정시키기 위하여 세로 지른 나무
밭이렁,⇒고지
밭갊,밭갈이
밀팥,밀밭
무클,장기의 성에 밑에 있는 보습을 지르는 굽은 나무
무끔질,묶어 다발을 만드는 일
가릿당,본디 ‘개당’을 뜻하는 말인데 조천면 북촌(北村)의 당신(堂神)이 처음 나온곳이기도 함
휨,헤염
헹서,행서(行書)
허벅장단,물도으이 장단
펭이,⇒펭기
팔꼬녀,고누 이름
튐질,뜀질
최서,초서(草書)
천필봉,철필 촉
척,책(冊)
지꾸땅,지어땡이
주네,⇒삥이
정,⇒대양
장귀도래기,장기 짝
올래,⇒굴메
염낙,침술의 한가지
연 올리기,연날리기
중알대,가운데에 가로 있는 대
상대,가운데에 세로 있는 대
연대,연을 만드는 데에 쓰는 대
얼음치기,얼음지치기
안공쟁이,안낚시걸이
숫먹,나쁜 먹
수건돌림,목침돌림
사대,⇒놀래
삥이,#NAME?
부패,#NAME?
방,바둑 또는 장기의 구멍
모들떼기,돈치기
먹대,목대
머력살,#NAME?
돌음작," =돌음잭이. 달음질
"
뛸락,뜀박질
데낄락,팔매질. 던지기
떨락쇼니,애들의 놀이에 쓰는 말인데 네사람 이상에는 ‘장껌뽀’를 쓰고 그 이하에는 ‘떨락쇼니’를 씀
놀래,#NAME?
낚시공쟁이,씨름의 낚시걸이
그림새,그림
권작,공중제비. 땅재주
꼰저,⇒고니
곡뒤잽이,씨름의 공중제비
고니,#NAME?
갑오갑작,도박에서 끝수를 세는 말
혼쇠역,하루 갈이
흐렁논,수답. 골답
호박굿,호박구덩이
톨,타줄
콧돌이래,⇒돌래코
촐바리,꼴을 마소에 실은 것
초물,맏물
착멕,#NAME?
질진밭,사래 긴 밭
질멧가지,길맛가지
찍주젱이,짚 주저리
찍눌,짚가리
지미,⇒지메
중물외,중간 외
중난전,들 밖에 있는 그리 좋지 아니한 밭
주지,⇒주제기
주제기,#NAME?
조팥,조밭
조크르,조를 심었던 방
저리잠대,꺼리보습
저리,①꺼리. ②꺼리질. 밭갈이
잠대,#NAME?
외굿,외 구덩이
오량,⇒오랑
양주머리,장기의 손잡이 나무
시궁,먼지로 된 거름
쇠콧돌이래,⇒돌래코
쇠주데,#NAME?
쇠앗배,#NAME?
쇠걸름,쇠거름
성에,#NAME?
설메질,⇒논달룸
쇠석,소고삐
가린석,밭갈 때 왼손에 잡는 고삐
석,고삐. 끈
불림질,쭉정이 겨 같은것을 발마에 날려 선곡(選穀)하는 일
보섭,보습
벳,볏
벙에,⇒벙뎅이
밭벙에,벽밥덩이
번혼밭,흰 그루
밭파니,⇒고지
밭역시,밭 역사
바량밭,쉬우는 밭. 짓밝은 밭
물코,물고. 논에 물을 대는 어귀
물밭,논
무답,논(水畓)
묏자리,못자리
목산,메밀과 밭벼 농사
모멀팥,모밀밭
멜망탱이,작은 망태기
멕다리,⇒망탱이
멕,#NAME?
망탱이,#NAME?
막물,끝물
돌랭이,⇒도로
도로갱이,⇒도로
디린배,새끼로 다시 단단하게 꼰 굵은 새끼
뜬밭,흙이 퍼석퍼석한 밭
드릇역시,흙일. 담일등의 밭일
동솔기,동줄기
도곰,#NAME?
당그네,고무래(곡식에 쓰는 것)
노라미," =노람지. 영. 이영
"
눌굽,#NAME?
나록눌,낫가리
논파니,⇒논말지기
논달룸,#NAME?
논갊,논갈이
노사리,노뭉치
멩텡이,⇒망탱이
멕망탱이,⇒멕
멕,둥구미
메터,모판
말지기,마지기(斗落)
돌래코," =콧-돌이래 =쇠-콧돌이래 쇠코뚜레
"
도로," =도로갱이 =돌랭이. 다랑이. 작은 밭. 밭을 세는 말
"
등테,언치. 땀
드릇일,논밭일
드르팥,들에 있는 밭
돗거름,돼지 거름
노람지,⇒노라미
눌터,⇒눌굽
찍눌,짚데미
눌,노적데미. 낫가리
논말지기,#NAME?
논골,논도랑
녹대,간다개
노끗,⇒노꼿
낮전밭,반날 갈이
난전,좋지 못한 밭
나록뫼,볏모
호박굿,호박 구덩이
외굿,오이 구덩이
굴,논 또는 밭의 기름진 부분
고지,#NAME?
논고량,논고랑
고들게친,밀치. 후거리
고들게,#NAME?
걸름착,거름 망태
거시림팥,⇒거스림팥
거스림팥,#NAME?
밭갊,밭갈이
갊,갈이(耕)
갈래죽,⇒가래죽
가름팥,부락 안에 있는 밭
가닷담,거섶
후리,바닷가에서 멸치 같은것을 잡는 큰 그물(曳引網)
회추리,휘추리
홰,옷 거는 대
활찍대,⇒불찍대
화멍석,꽃멍석
화단,꽃으로 꾸민 상여
화곽,⇒곽
홈미레,개탕
혹,⇒뱅이혹
호메선,서양 배의 범선(帆船). 일본어 homa-eseng(帆前船)에서 온 것
함,함주
푸데,포대(布袋)
포싱줄,⇒포승줄
포,①보(褓). ②잇. ③들보
펭상,평상(平床)
펭,병(甁)
퍼레박,파래박. 두레박. 용두레
파쉬,⇒파수
파소,#NAME?
퉁,⇒텅에
퇴기,⇒치2
테,#NAME?
털채,떨채
베클,베틀
클,틀
코사발,코 달린 사발
코끼,⇒코2
코2,#NAME?
치2,#NAME?
춘,⇒추니
총뽀롱이,⇒사슬
쳉빗,참빗
쳇망,쳇바퀴
청통,꿀통
철죽대,부처님의 지팽이(天笠대)
철궤,쇠지레
척상,책상
찰리,⇒잘리
차롱착,⇒차롱
차뒤,⇒잘리
좀진씰,세실(細絲)
집칼,접칼
집널,관널(棺板)
짐작이,⇒되약
질배,#NAME?
지와,지화(紙貨). 지폐(紙幣)
지새그릇,질그릇
죽숟가락,죽술
주멩기,주머니
주낫,주낙
종이텁,굽지. 종이조각
좀톱,이가 세밀한 작은 톱
족숟가락,작은 숟가락. 부러진 숟가락
족바지,자루 있는 그물 새끼
조왕그물,좽이
조래기,종다래끼. 종다리
제자리,나무 깍는 연장의 한가지
제봄,⇒제
제까락,⇒제
정반,쟁반. 목판
접저께,⇒고분살 빼는 것
접밀이,면의 모서리를 직선으로 미는 대패
점질대,점대(籤子)
적쇠,적철. 석쇠
저울치,저울추
장통,장 담는 그릇
장도리,구멍을 뚫는 연장
잘리2,#NAME?
작쉬,작대기
자갈,재갈
육철포,육혈포(六穴砲)
요팡석,방석
외말떼기,한 말 들이 솥
노꼿,#NAME?
남테,조밭을 밟아 누르는 데에 쓰는 나무 통
나록클,벼훑이
나록눌,낫가리. 볏가리
그르팥,가을한 밭
지실굿,감자 구덩이
굿,①채소 따위를 심은 구덩이. ②똥뭉치
곰배,흙방망이
밭고량,밭고랑
고량,고랑
고들게낭,⇒고들게
검질,#NAME?
걸름,거름
거시림,⇒거스림
거스림,#NAME?
강답,천동지기(乾畓)
논갊,논갈이
갈래죽,가랫줄
가슬왈,검은 그루
가린석,밭갈 때 왼손에 잡는 고삐
가래죽,#NAME?
가달석,굴레
회야,호야
화본,꽃사발
화리,화로
화곽살,⇒곽살
홍짓대,홍두깨
홉사리,한 홉 들이 되
혼벡상,혼백 상자
호미,낫(鋤)
허벅,병 모양의 물동이
합체,가는 총체
풍체작쉬,차양. 작대기
푼체,⇒부체
푸는체,키(箕)
포승줄,#NAME?
펭풍,⇒벵풍
펭게,탕개
펜틀,평반(平盤)
팡,발판. 돋움
파수,⇒파소
퉁에,⇒텅에
퇴악,⇒뒤영박
통쇠,자물쇠
텅에,#NAME?
태왈,눈 위를 걸을 때 발에 끼우는 기구
소개클,솜틀
나록클,벼 훑는 틀
코박새기,조롱박
코끌래기,⇒코2
코1,①고. ②기회
친,끈. 갓-친. 문-친. 주멩기-친
치1,키(舵)
추니,항아리. 동이
총배,타락줄
쳇사왈,⇒쳇대
쳇대,#NAME?
철메,쇠메
천리통,망원경
척갑,책감. 책궤
찻장,찬장
차세,⇒신차세
차롱,⇒고량
차경,큰 기구에 달린 자루. 구르마-차경. 방에-차경
짓비,장목비. 발갯깃
집비,⇒비알
짐패,⇒질배
짐작,⇒되약
질구덕,물건을 넣어 지는 대바구니
줄방석,새끼로 엮은 방석
주전지,주전자
주낫베,주낙질을 하는 배
종재기,종지
좀팍,⇒손박
족체,작은 고기를 건지는데에 쓰는 국자 모양의 그물
족박새기,쪽박
족덧,족저비 덫
조막단지,단지의 작은 것
젯미리,모끼
제따리,재떨이
정동화리,청동화로
접게,집게
적고지,적꼬치. 꼬챙이
장황,장독
장태,장그룻. 대야
잘리1,⇒자록
작박,얕은 나무박
윤디,인두
우굼,밥주걱
요랑,무당이 쓰는 요령(搖鈴)
외대선,⇒외대바지
왜수지,헌 신문지(倭休紙)
올배,실 새끼
예쟁이,①거적. ②오쟁이
연갑,문갑(文匣)
얼멩이,어레미
얼레기,⇒얼럭지
어작선,고깃배
약돌기,⇒약도리
애깃구덕,애기를 재우는 대바구니
안반,방춧돌. 돌로 된것은 ‘돌안반’이라고 함
아리,⇒낚시아리
씸지,심지
씰패,실패. 실감개
씰,실(絲)
신포,⇒신차디
신차디,#NAME?
신꼬지,신 삼는데 쓰는 꼬쟁이
시발쇠,⇒세발소
쉬쳉빗,서캐훑이
외대바지,#NAME?
옹지리,옹솥
옥재기,두 홉 들이 되
염발,살쩍밀이
여끼,⇒도치
엄살밀이,창문에 쇠시리를 만드는 대패
얼렝이,어린애를 업는 끈
얼럭지,#NAME?
어움,그물을 다는 테두리 나무
약도리,#NAME?
암패,새끼를 겹쳐 꼰 굵은 새끼
아진배기저울,발달린 저울
심을디,손잡이
씰뱅구리,둥근 실감개
실돌,⇒신돌
신차세,#NAME?
신돌,#NAME?
시숫서레,⇒세숫대양
시리,시루
숫굴,숯 도가니
술리,⇒수리
연술,연줄
고기술,낚싯줄
숟구락,숟가락
수지1,⇒수자리
수자리,#NAME?
수렝이,어리
수꾸리,철사(鐵絲)
솔천,솥귀
손시계,팔뚝시계
소살,작살
소글레,말 머리 양쪽에 다는 쇠고리
섹경,거울
세숫서레,⇒세숫-대양
세발쇠,⇒세발-소
세물림,동물림
세답마깨,다듬잇방망이
서간,세간
생여,⇒상예
상지,⇒상제(갓상지. 대상지. 떡상지. 밥상지)
상예,#NAME?
상돌,향불 그릇
상갑,향그릇(香匣)
삼갑배,세 겹으로 된 굵은 새끼
살엄살밀이,창문 살에 쇠시리를 만드는 대패
살래,살강. 식기를 넣는 장
산태,들것
사슬,#NAME?
사다리,⇒다리
비형기,비행기
비창,해녀가 전복 같은 것을 캘때 쓰는 쇠로 만든 연장
비알,#NAME?
불천지,소지(燒紙)로 쓰는 종이
불찍,부싯깃
분체,⇒부체
부출,들것 대. 테두리나무
부지땡이,부지깽이
부섭,방 안에 상설(常設)된 화로의 한 가지
부돌,#NAME?
봉대기,남포 방울
뽀롱이,알(彈丸)
보곰지,지갑
벵부리,병부리(甁口)
벵,#NAME?
벳바위,뱃전
베술기,⇒베수기
베설대,굴대
베리,벼루
베겟거죽,베갯잇
베,배(船)
버텅,나무를 버티어 걸어놓은 형기(刑器)의 한가지
뱅잇귀,⇒방엣귀
뱅이,⇒방에
쇳배,소에 짐을 싣는 데에 쓰는 굵은 새끼
삼갑배,세겹으로 꼰 새끼
배,굵은 새끼
방엣귀,#NAME?
돌방에,돌 절구
방에,=뱅이(baeng-i). 방아. 절구
밥자,나무 주걱
반솥,중솥
박자귀,박을 팔 때 쓰는 자귀
밥박새기,목대접
남박새기,목대야
바튐낭,⇒바툼낭
바작,바자(芭子)
바릇베,낚시질 하는 배
바농상지,바느질 그릇
바구리,바구니(종이 바른것)
밀지,⇒밀종이
미호미,⇒나대
미레기,#NAME?
물질베,⇒기계선
물부리,권연(卷烟)을 피우는 연장
물구덕,물동의 바구니. 물을 길어 나를 때 씀
무지게,헝겊으로 두껍게 만들어 짐질 때 등에 입는 것
무자귀2,배 추진기(推進器)
무쇠곽,쇠상자
못괭이,꼭괭이
목둣낭,목도에 쓰는 나무. 멜대
모지락비차락,⇒모지락비
모꽂,⇒모꼬지
멘경,면경(面鏡)
메콤,멜빵
맷돌,연자마의 구르는 동근 돌
망시리,둥근 그물에 테를 달아 해녀 작업에 쓰는 물건
말툭,말뚝
외말떼기,한 말 들이 솥
막댕이,막대. 채찍
마옴석,⇒마옴
물마께,물방추
마께,방망이. 방추
돌레,①말다래. ②짐 밑에 넣는 다래
돌랑지," =돌랭이. 허리에 차는 대바구니
"
등피,⇒남푸등
등판,등경
등지친,방사오리를 매는 끈
등돌,드는 힘을 겨루는 둥근 돌
드레,두레박
뒤자리,띠자리
뒤영박,#NAME?
두지,뒤주
두벵들이,두 되 들 만큼 큰 병
두말떼기,두 말 들이 솥
두껭이,⇒두껑
두께,⇒두껑
두껑,#NAME?
되약새기,⇒되약
되약,#NAME?
동고량,#NAME?
돗도고리,돼지 먹이통
돔배,도마
돌혹,①절구 속에 있는 돌 홈통. ②돌이 둥글게 파진 홈통
돌안반,방춧돌
돌산테,돌 일에 쓰는 둥근 삼태기
돌뱅이,⇒돌방에
돌방에,#NAME?
돌래방석,둥글방석
독석,⇒덕석
독사발,질그릇 사발
도치,#NAME?
도육,가락에 꿰는 구슬
도실기착,도시락짝
도실기,도시락
도로기,⇒도레기
도레기," =도로기. ①바퀴. ②동그랑이.
"
도끼,⇒도꼐
도구리,⇒도고리
도고리,#NAME?
도꼐,⇒가마( 轎)
도께어시,도리깻대
도께아시,도리깨 동생
도께아돌,도리깨 아들
도께,도리깨
덩드렁,⇒덩돌
덩돌,⇒덩더렁
덩더렁마깨,짚 두드리개
덩더렁,#NAME?
덧매,큰 매
덤장,바닷가에 고정한 그물
덕석,#NAME?
대황,큰 항아리
대초랭이,작은 대막대
대조랑막댕이,대지팡이
대왈,대접
대완디,대완구(大碗口)
대양,정. 징(鉦)
대배기,⇒대바지
돌래방석,둥글방석
독석,⇒덕석
독사발,질그릇 사발
도치,#NAME?
도육,가락에 꿰는 구슬
도실기착,도시락짝
도실기,도시락
도로기,⇒도레기
도레기," =도로기. ①바퀴. ②동그랑이.
"
도끼,⇒도꼐
도구리,⇒도고리
도고리,#NAME?
도께어시,도리깻대
도께아시,도리깨 동생
도께아돌,도리깨 아들
도께,도리깨
덩드렁,⇒덩돌
덩돌,⇒덩더렁
덩더렁마깨,짚 두드리개
덩더렁,#NAME?
덧매,큰 매
덤장,바닷가에 고정한 그물
덕석,#NAME?
대황,큰 항아리
대초랭이,작은 대막대
대조랑막댕이,대지팡이
대왈,대접
대완디,대완구(大碗口)
대양,정. 징(鉦)
대배기,⇒대바지
대바지,#NAME?
대막댕이,대막대
대공쟁이,대못
대거름체,가는 대체
땅곽,성냥의 한 가지. 돌에 마찰하여도 발화함
닷돌,닻돌
닷,뱃줄
담베통,담뱃대
달귀,달고
단지,꼬마동이
다리왜,⇒다루왜
다리,#NAME?
다루왜,#NAME?
다돗테기,닷 되 들이 솥
다개,마개
능화자리,꽃자리
능로자리,능라자리. 비단같이 아름다운 자리
눈,물안경(潛水鏡)
놋사발,#NAME?
놋대양,⇒놋낭푼이
놋낭푼이,#NAME?
논주,목수 연장의 한가지. 끝이 작은 것
네윗대,⇒네
네위,⇒네
네,#NAME?
너벅선,짐 운반에 쓰는 넓은 배
냄비,남비
낭푼이,⇒낭푼
낭푼,#NAME?
낭못,나무못
낭공쟁이,물건을 거는데에 쓰는 나무못
낫,바다 속의 해초를 캐는 데에 쓰는 큰 낫
남푸벙것,등. 갓
남푸등,#NAME?
남통,나무 담뱃대
남죽,#NAME?
남자,국자. 주걱
남송애기,홈을 파는 대패
남박,#NAME?
남놀개,사냥에 쓰는 연장
낚시알,#NAME?
낚시아리,#NAME?
낚베,낚시질하는 배(漁船)
나샛못,나사못
나새,나사
나대,#NAME?
곡쐬,우비칼
기멩세,연장
기림초석,꽃돗자리
기림방석,꽃방석
기계선,#NAME?
끌마께,끌방망이
끌레기,⇒끌럭지
끌럭지,#NAME?
글겡이,글겅이. 갈퀴
그릇,세간(器具)
그늘케,볕을 가리는 물건
귀자귀,원목(原木)을 잡기위하여 옆응ㄹ 깍는 자귀
귀말,모말
귀되,네모난 됫박
궷낭,지렛대
궤,①상자. 옷장. ②지레
굴메,그네
국기,탕기(湯器)
구진사발,상사발
구진물단지,개숫물 그릇
구실2,#NAME?
구실1,구슬
구시,구유
구둠받이,쓰레받기
구두칼,구듯주걱
구덕,바구니
굇낭,지렛대. 고이는 나무
괴움낭,고임목
괴비,고비. 편지 따위를 꽂는 것
괴깃베,고기를 잡는 배(漁船)
괴기술,낚싯줄
꽝맹이,꽝매기
광조리,광주리
곽살,#NAME?
곽,#NAME?
공쟁이,물건을 거는 데에 쓰는 못
곱자귀,자귀의 한 가지
곱은자,곱자(曲尺)
골미,⇒골메
골메,#NAME?
골리,고리. 가락지
곡지,꼭지
고지,⇒고쟁이
고쟁이,#NAME?
고소리,술가마
고분살빼는것,#NAME?
고량착,⇒고량
고량,#NAME?
걸리,거루
걸낭,말코지
건장제,#NAME?
거치,물건을 싸고 덮기 위하여 만든 짚자리
거적테기,거적대기
거름체,가는 체
개판,(蓋板). 관(棺) 위를 덮는 널
개지,⇒가지깽이
갈퀴,갈고리
간지,옷걸이(衣架)
간데기,풍로. 일본어에서 온것
각지,등잔
가지깽이,#NAME?
가메2,#NAME?
가메1,가마(釜)
가맹이테기,가마니때기
가맹이,⇒가매기
가매기,#NAME?
가마귀머림,닭집 지붕 그물
허리안게,부티
좃는물레,⇒싸는 물레
좃귀,길쌈할 때 피륙을 벌리기 위하여 찌르는 활 모양의 나무
짓베,다듬지 아니한 삼베
집,깁(緝). 비단
질쌈,길쌈
정대,꾸릿대
정,⇒멘헷정
자치,자투리
잉엣대,잉앗대
올,흩실
옥영목,옥양목(玉洋木)
엉긴베,거베
양달량,양달령
씰쳇,실반대
씰모뒹이,⇒씰도로기
씰도로기,⇒모뎅이
씰꼬리,⇒멘주기
서모시,세모시
서광페,가는 광포(細廣布)
샛대,사춤대
삼베질쌈,실베길쌈
싸는물레," =좃는-물레. 물레
"
빌,필(疋)
베클,베틀
베영대,도토마리에 날을 감을때 넣는 대
베,⇒마페
버을레,날을 끼는 삼각추(三角錐) 모양의 것. 비경이
뱅고리,가락
미녕,#NAME?
물렛귀,씨아 가락
무제,두껍게 짠 피륙의 한가지
모뒹이,⇒모뎅이
모뎅이,#NAME?
멩지,명주
멘헷정,#NAME?
멘주기,#NAME?
마페,#NAME?
도꼬마리,도토마리
닷세베,넉세베 다음 굵은 베
넉세베,굵은 베. 석세로부터 o 답세까지 있음
광페,광포(廣布)
가래기,⇒가락지
가락지,#NAME?
후리메,⇒후루메
후루메,#NAME?
호상옷,수의(壽衣)
헹경,행전
푸린물,푸른물감
포,①보. ②잇. ③들보
패리,패랭이
털벌립,소털로 만든 벙거지
털렝이,절치
태양,모자 차양
쾌지,쾌자
고재비보선,앞 끝이 뾰족하게 나온 버선
치메,치마
오소리감티,오소리 가죽
오선갑,갑옷의 한 가지
연반물,연한 반물
양태,망건. 탕건 따위의 총칭
양지,⇒낭제
앞섭,앞자락
신착,신짝
신돌갱이,⇒돌갱이
신돌,⇒돌
신놀,신날
신깍,신울
씨견,⇒소중이
쓸거,쓰개
수견,⇒소중이
손뚜메,⇒손또매
손또매,#NAME?
손게화,아귀탱이
속옷,⇒소중이
소중이,#NAME?
소갯장,솜반
소개,솜(綿)
세답,서답. 개짐
세깍신,엄짚신
설렝이,메투리
서상갓,세대 삿갓
샛복,사폭
상갓,삿갓. 갈삿갓
사포,모자. chapeau에서 온것
빈네,비녀
보선,버선
베알,저고리 소매 아래에 붙이는 헝겊
베부레기,두렁이
벙긋,⇒벌립
벙것,⇒벌립
벌립,#NAME?
방긋,방갓
바짓가달,바짓가랑이
밀낭페랭이,농립모(農笠帽)
물레,⇒물
물곰,⇒물
멘보선창,버선발
머릿바농,뒤꽂이
머리창,도투락
망근,망건(網巾)
마고지,마고자
돌리,달래( )
돌갱이," =신-돌갱이. 당감이
"
돌," =신-돌. 들메끈
"
등지게,‘적삼’을 얕잡은 말
뒤치기,#NAME?
두룸띠,⇒두루꼼
두루꿈,#NAME?
동전,동정
동긋,동곳
도복,도포
단취,단추
단불,단벌
다림,⇒다님
다님,#NAME?
노봉옷,⇒너붕옷
노랑물레,노랑 물감
너월,너울
너붕옷,#NAME?
낭제,#NAME?
남신,나막신
굴중이,여자의 홑바지
곰,⇒골롬
골롬,#NAME?
곤풀,이풀
곤옷,고운 옷
고장좀뱅이,⇒고장중이
고장중이," =고장-좀뱅이 고쟁이
"
고깔,농악에 쓰는 꽃 달린 모자
게화,호주머니
검정물,검은빛 물감
걸렝이,⇒걸렁지
걸렁지,#NAME?
거살,남루한 의복
갱기,신의 감개
강알터진바지,개구멍 바지
갓메,갈모(笠帽)
갑오갑투,갑옷과 투구
감티,⇒감테
감테,=감티. 방한모(防寒帽)의 한 가지
감옷,⇒갈옷
감등거리,감물을 들인 등거리
갈좀뱅이,감물을 들인 잠방이
갈중이,감물을 들인 고의
전방,⇒장황밭
굴묵어귀,#NAME?
굴묵,방고래와 아궁이
구둘창,①구들바닥. ②창(窓)
외눈백이,#NAME?
베,배(腹)
구역징,⇒구역정
예청네,아낙네
역은아기,#NAME?
에새끼,#NAME?
에비똘,부녀(父女)
예청,여편네. ‘여정(女丁)’에서 온 것. 여정>예정>예청
예식,딸(女息)
엔년," =똘-님. 따님
"
에비아돌,부자(父子)
에미,어미. 낮추어 업신여기는 말
업게,어린애를 업어주는 사람
엄살동이,엄살 잘하는 사람
얼쳉이,⇒얼청-이
얼애,어린애
억지다리,억지꾸러기
억대장군,굴때장군
어잭이,⇒보잭이
어시,⇒어버시
어멍,어머니
양제,양자
야기염쟁이,먹이에 탐하여 다니는 사람
애기업게,애기 보는 아이
앙토쟁이,미장이
악동이,악바리
아지방,⇒아주방
아지망,⇒아주망
아주방,#NAME?
아주망,#NAME?
아이년,계집애를 얕잡은 말
아방,아버지
아돌,아우. 동생
싱년감,⇒숨년감
식술,⇒식귀
씨집,시집
씨어멍,시어머니
씨아방,시아버지
씨방답,#NAME?
씨누이,시누이
시님,스님. 주지(住持)
숭년감,#NAME?
술푸데,술꾸러기. 술부대
술광질다리,술망나니
쇠헤치,소 해에 난 사람. 소띠
솥밑할망,숙수(熟手)
손지,손자
소님,⇒나그네
소나이,⇒소나
소곰바치,#NAME?
셍완님,⇒셍완
셋칩,가운데 집. 여러형제중 둘째 집
셋아돌,가운데 아들
셋삼춘,#NAME?
셋똘,가운데 딸
셋누이,가운데 누님
셋년,가운데 딸
세양어멍,#NAME?
세양아돌,#NAME?
세다드레기,혀꼬부랑이
성제,형제(兄弟)
서패,서파(庶派)
새서방,신랑(新郞)
쌍놈,상놈
상뒤,⇒상도
상갓쟁이,삿갓장사
삼춘,①삼촌(三寸). ②친한어른
사농쟁이,⇒사농바치
빈복다리,복처리
비바리,처녀. 계집애
붕붕이,게걸장이
불미대장,⇒불매대장
불겡이,머리털 붉은 사람의 별칭
부찌절혼,겹혼인
부제,부자(富者)
부미,부모(父母)
복친,복친(服親). 상제의 친족
벵주셍이,병꾸러기
벨짜,보통이 아닌 사람
벨락쉬,까부는 사람의 별칭
벤추쟁이,눈병장이
벡세,살 빛과 털이 흰 사람
베염헤치,뱀 해에 난 사람. 뱀띠(巳年生)
버부와리,⇒버버리
방세임,아가씨
방답,⇒괸당
밥체시,밥통
바농질바치,바농질-아치. 난침모
밋,본처(本妻)
미리헤치,용 해에 난 사람. 용띠(辰年生)
물하님,물어미
물애기,갓난아이
문레,문내(門內). 문중(門中)
무주외,성명 없는 사람
쇠목쟁이,소백장
목쟁이,벡젱-이=피쟁이. 백장
모로기,⇒말모래기
멘장,면장(面長)
멍청다리,뭉충-다리. 멍청이
머리동크래기,⇒동크래기
말젯아돌,셋째 아들
말젯삼춘,계부(季父)
말젯똘,⇒말젯년
큰말젯놈,네놈중 세째 놈
족은말젯년,#NAME?
말젯년," =말젯-똘. 셋째딸
"
막아돌,막내아들
막동이,막내둥이
마찻군,달구짓군
마짐짝,상대자. 일을 하는데 보조를 맞출만한 사람
똘,딸
도사리,⇒더사리
등곱쟁이,⇒등곱새
뜬부룽이,⇒뜬밭갈쇠
뒷군,거춧군
두린애기,어린애
두루애기,어리석은 애
두갓,부부(夫婦)
에똘,#NAME?
엄지,⇒어버시
엄매,엄마
얼청이,#NAME?
얼광대,어릿광대. 미치광이
억배기,얽음뱅이. 곰보
어중기,몽종한 사람. 못난이
어으렝이,이 빠진 사람의 별칭
어버시,#NAME?
야쟁이,풀무장이(冶)
애비,아비. 낮추어 업신여기는 말
애기씨,년
안애오리,안쪽다리
아진배기,앉은뱅이
아지바님,⇒아주바님
아지마님,⇒아주마님
아주바님,#NAME?
아주마님,#NAME?
아시,아우. 동생
아바님,아버님. 부름에 씀
아기,애기
심술다리,심술꾸러기
식귀,#NAME?
씨왓,⇒씨앗
씨앗,#NAME?
씨방상,⇒씨방답
씨누이성제,시누이와 올캐
시승,스승
숭물다리,몸에 기형(畸形)을 가진 사람을 얕잡은 말
숫붕이,숫한 사람의 별칭
술에미,술 파는 계집
수양어멍,⇒세양어멍
수양아돌,⇒세양아돌
수심방,머리 디는 무당
쇠경,⇒세경
손짓버릇,손잣벌
소자,효자(孝子)
소나이놈,⇒소나놈
소곰쟁이,⇒소곰바치
셍질,생질
셍완,#NAME?
셋상제,가운데 상제
셋사위,가운데 사위
셋동셍,가운데 동생
셋놈,가운데 놈
섹골,호색가(好色家)
세깃서방,⇒세곗서방
세곗서방,#NAME?
세경,#NAME?
성,형(兄)
서세,서사(書士)
새각씨,결혼 직후의 젊은 여자. 새댁(新婦)
상장,향장(鄕長)
상도,#NAME?
삼할망,삼할미
산쟁이,⇒사농바치
사농바치,#NAME?
비발년,계집애를 얕잡아 부르는 말
비리쟁이,옴장이
불씹등이,양성(兩性)을 가진 사람
불미쟁이,⇒불매대장
불매대장,불미-대장=불미-쟁이. 대장장이
부찌사돈,겹사돈
부베간,부부간(夫婦間)
부룸씻군,심부름꾼
봉그쉬,다른 여자와의 사이에서 얻은 자식
벳동세,같은 배를 타는 사람
벨래기,⇒눈벨래기
벨떼깃군,왈가닥패
벡젱이,⇒목쟁이
벡성,백성(百姓)
범헤치,범 해에 난 사람 범띠(寅年生)
버버리,⇒말모래기
방상,⇒방답
밥충,밥빼기
바농질아치,⇒바농질 바치
민지,기(氣)가 약한 사람
뭉충다리,⇒멍청다리
물애비,물아범
문장주필,글을 잘 한 사람
문딩이,용-다리. 문둥이
몰멩구러기,못난이. 기(氣)가 약한 사람
개목쟁이,개백장
목쉬,목수(木手)
멩창,명창(名唱)
메누리,며느리
멋게,바보
머구리,"잠수부(潛水夫). 일본어 ‘moguli에서 온 것
"
망싱,마지막 낳은 것
말젯상제,세째 상제
말젯사위,세째 사위
족은말젯놈,넷째 놈
말젯놈,세째 놈
큰말젯년,네 딸중 세째
말모래기,모로기=버버리=버부와리. 벙어리
막쉬,⇒귀마구리
막동셍,막내동생
마차쟁이,달구짓군을 얕잡은 말
똘님,따님
띵띵이,⇒뗑뗑이
등곱새,⇒고부랭이
뜬밭갈쇠,⇒느렁테
두씨왓,처첩(妻妾)
두루외,미친사람
두루붕이,반병신. 어리석은 사람을 얕잡은 말
똥피기,방귀장이
동크래기,#NAME?
똥쌔기,똥싸기
동세,동서(同婦)
동모,동무
동녕바치,⇒걸렁바쉬
돗헤치,돼지 해에 난 사람. 돼지띠
돗코,매부리코
돗두루외,어리숙한 사람의 악칭
돌챙이,석수(石手)
도비상귀,도붓장수
뗑뗑이,#NAME?
덮개,더퍼리
덧바리,덧니박이
덥덜,일가. 문중
떡부,떡보. 떡충이
더사리," =도-사리. 머슴. 장남
"
대서,대사(大師)
땅깜보,땅딸보
담베푹새기,용구뚜리
단아돌,외아들
단똘,외딸
다슴어멍,어붓어미(義母)>
다슴애기,어붓자식
다슴아방,어붓아비(義父)
다슴아돌,어붓아들(義子)
다슴똘,어붓딸(義女)
다도악이,말 더듬는 사람
노닥사니,⇒나닥사니
니치름쟁이,침흘리개
늑쟁이,‘늙은이’를 얕잡은 말
늑신이,늙은이
느렁테,#NAME?
눈펄룽이,⇒눈펄렝이
눈펄렝이,#NAME?
눈벨래기,#NAME?
농바니,농부
놉,품 팔아 일하는 사람. 인부(人夫)
놈,남(他人)
노름쟁이,투전군
노녀기,놀이하는 어린애
넹바리,결혼한 색시
네미,‘너의 어미’를 얕잡은 말 ‘너의 어미’가 준것
넛손지,⇒널손지
널손지,#NAME?
냄편,남편(男便)
낭군,나무꾼
남헤치,⇒나비헤치
남소나,남자. 사내
난쟁이,난장이
나비헤치,=납-헤치. 잣나비 해(申)에 난 사람. 원숭이 띠
나대모로기,제 고집만 부리고 혼자 떠들기 잘하는 벙어리
나닥사니," =노닥사니. 껑충 거리는 사람을 얕잡은 말
"
나그네,#NAME?
곡쥐기,⇒곡주애기
곡주와기,곡주애기
곡주애기," =곡주와기 =곡쥐기. 손톱으로 할퀴기 잘하는 사람의 별칭
"
글선비,선비
귀막쟁이,⇒귀마구리
귀막쉬,⇒귀마구리
귀마구리,#NAME?
궁녜,궁녀(宮女)
구중,종(奴婢)
구실아치,관가의 직무를 맡아보는 사람
구늉다리,어리석은 듯 하면서도 내심에 꾀를 가진 사람의 악칭
괸당,#NAME?
꾀다리,꾀보. 꾀자기
괴벤자,익살꾼
공다리,(貢滓). 공세(貢稅)를 독촉하는 사람. ‘다리’는 몽고(蒙古)에서 관(官)의 존칭이고 몽고가 탐라를 점령할 때 생긴 말인데. 공포의 대상이 되었던 것이다
곱새등,⇒고부랭이
곤애기,낳아서 얼마 안된 어린애
고지깽이,관청 하인. 일본어 gojjeugai에서 온 것
고부랭이,#NAME?
고래벡정놈의새끼,⇒고래 벡정놈
고래벡정놈,고래 벡정놈의-새끼. 망나니. 욕설로 씀
게음다리,질투장이
겁쉬,겁장이
걸짝둥이,⇒걸짝군
걸짝군,#NAME?
걸바시,⇒걸렁바쉬
걸렁바쉬,#NAME?
건풍다리,큰소릿꾼
건장제,키 큰 사람의 별칭
건달놈,풍치고 돌아다니는 사람
개헤치,개띠. 개 해에 난 사람
개차반지,개차반
개와시,가난하고 의지할 곳 없는 사람
개납사니,가납사니
각세,⇒갓
갓,#NAME?
갈붓년,⇒갈부
갈부,#NAME?
간세둥이,⇒간세다리
간세다리,#NAME?
간나희,간사한 계집
각씨,안해
가시할아방,#NAME?
가시할망,#NAME?
가시어멍,#NAME?
가시아방,#NAME?
혼나절,한나절
헤천,온날(全日)
헤,해(太陽. 年)>
한통,한창때
풀돋잇마,봄철 풀이 돋을 시기에 비가 자주 내리는 날씨
초싱,초생
쳇날,첫날
젱이월,정이월(正二月)
저냑날,그글피
저을,⇒저슬
저슬,#NAME?
일룃날,⇒일뢰
일뢰,#NAME?
이틀날,이튿날
이만때,이맘 때
우세,나쁜 날씨
우리전,일전
올희,올해
오유월,오뉴월(5.6月)
오놀,오늘
예실뢰,예이레(6.7日)
영등돌,음력2월(二月)
엿적,옛적
엿날,옛날
언처냑,⇒언-처냑
야척,⇒야적
야적,#NAME?
야밤,야반(夜半)
앞세,이전. 앞서
아척,⇒아적
아적,#NAME?
아시헤,그전 해 (前年)
아시돌,그전 달 (前月)
아시날,그전 날 (前日)
아모제,아무 때
숭년,흉년(凶年)
샛날,새벽날. 새일녘
사흘날,사흗날
부날,바람 없는 날
보롬,보름
벡주방낮,⇒방낮
벡봄,백춘(白春). 궁춘(窮春)
방낮,#NAME?
모리,모래
멩년,명년(明年)
멧흘,며칠
메일,⇒메날
메날,#NAME?
마가지,곡식 심은 뒤 가무는것
마,장마. 장마 곰팡이
뒷녁날,뒷날
돗,돌
노롯,산꼬대
늴,내일(來日)>
넘은헤,지난해(昨年)
넘은돌,지난달
너덧쇠,⇒너댓-쇠
너댓쇠,=너덧-쇠. 나달(4.5일)
남대미,음력 4월의 가문 날씨
날우치,비가 와서 날씨가 나쁜 것
기지게,⇒그저끼
그직아시날,⇒그끄지게
그지게,⇒그저끼
그제,그때
그저끼,#NAME?
그르헤,그러께(再昨年)
그르크헤,⇒그끄르헤
그끄지게,#NAME?
그끄르헤,#NAME?
구뭄,그믐
한통,한가운데. 한창때
한복반,한복판
하늬,북(北)
정오남방,(丁午南方). 정(丁)과 오(午)의 남방
요분대기,#NAME?
이염,⇒어염
우알,위와 아래(上下)
우녁,위쪽
어염,#NAME?
양세,두 사이
앞,남쪽(南)
알,아래(下)
쏙,⇒쏘곱
서하늬,서북(西北)
상감,꼭대기
삼업,사방. ‘삼읍(三邑)’에서 와전된 것
빙신서방,(丙申西方) 병(丙)과 신(申)의 서방
복반,복판
배꼍,⇒바꼍
바꼍,#NAME?
노단펜,바른편(石)
뒤,북쪽(北)
굽,밑
건술건방,(乾戌乾方). 건(乾)과 술(戌)의 건방
갑을동방,(甲乙東方). 갑(甲)과 을(乙)의 동방
가온대,가운데
혼물,북부에서는 음력10일과 25일 조수. 납무에서는 9일과 24일 조수
흘,물이 늘 고이고 있는 땅
헤각,(海角). 바다언덕
함수,짠물(鹹水). 해수(海水)
한질,큰 길
한죄기,제주도 북부에서는 음력9일과 24일. 남부에서는 8일과 23일의 조수인데. 간만(干滿)의 차가 가장 작은때
톨,섶과 바위가 얼크러진곳. 떨기
테역번데기,잔디. 펀더기
쿨헹이,⇒굴헝
쿨헝지,⇒굴헝
쿨헝,#NAME?
코지,곶(岬)
케,⇒도량
촌,시골
천지소,음력 8.9일쯤의 조수
징겁,급한 비탈
질,길
지름질,지름길
죄기,조금
좌전림,(座田林). 산소를 위하여 설치한 임야(林野)
좌전,⇒산좌전
제섬거,사방 사람 또는 물건
제섬,여러지방
자왈,가시밭
웃드르,산간지대
웃가름,⇒우카름
우카름,#NAME?
외방,객지(客地). 딴마을 (外方)
외리,(外里). 딴 마을
와살,제주도 북부에서는 음력 매달4일부터 11일까지와 29일부터 다음달6일까지의 조수. 남부에서는 3일부터 10일까지와 28일부터 다음날 5일까지의 조수
옹댕이,웅덩이
올목,골목
오릇,올려받이
오롬,산의 작은 것
여울,⇒여
여,=여울. 암초(暗礁). 물위에 나타난 암초(岩礁)
엉덕,바위 기슭
얼크레기,돌이 울퉁불퉁한 곳
얼케,돌과 가시덤불이 얼크러진 곳
어위,두메
앞바르,남쪽바다
알가름,아래쪽 동네
아끈죄기,제주도 북부에서는 음력 매달 7일과 22일. 남부에서는 6일과 21일의 조수인데 남부 지방의 말이다. 북부에서는 ‘열서물’이라고 함
쏠물,썰물
밭시둑,밭두둑
논시둑,논두둑
시둑,두덩. 두렁. 두둑
숨벌,멧갓
송피굴,송피를 판 곳에 생긴 굴
송밭,석비레
셍빌레,뿌리 깊은 반석
셋질,지름길
세커림질,⇒세커리
세커리,#NAME?
세경넙은드르,광야(曠野)
서월,서울(京)
서드럭,돌이 많은 땅
산좌전,#NAME?
산ㅍ댕이,산비탈
산봉대기,산꼭대기
산발,산기슭
산물,샘물
산내,산에서 갑자기 흘러내리는 내
산굼부리,⇒굼부리
삘레,⇒빌레
빌레,#NAME?
부날,음력 매달 9일과 24일 조수(潮水). 남부 지방의 말
벵뒤,⇒드르
벨파진,땅이름 (Byeogpajin. 碧波津)
베케,낭떠러지. 절벽
베늘,강이나 바닷가의 언덕지대
벗어진동산,민둥산
번데기,펀더기(平原)
바우,언덕(岸)
바르,뭍 가까운 바다
바당,바다
미림새기,좁은 곳으로 흐르는 급한 조류(潮流)
물통,물구덩이. 시궁창. 작은연못 우물. 물흠. 물도랑. 개천
물창,물 밑(水底)
열서물,열두물 다음날 조수인데. 북부의 말이다. 남부에서는 ‘아끈조기’라고 함
열물,아홉물 다음날 조수
아홉물,여답물 다음날 조수
여답물,담-물. 일곱물 다음날 조수
일곱물,여섯물 다음날 조수
여섯물,섯-물. 다섯물 다음날 조수
다섯물,너물 다음날 조수
너물,서물 다음날 조수
서물,두물 다음날 조수
물찌,조금이 아닌 때인데. 음력 매달10일부터 21일까지와 25일부터 다음달 6일까지
물절,#NAME?
물때,⇒물끼
목다리,길의 요소(要所)
모살판,모래톱
망동산,외적(外敵)에 대한 감시소가 있는 높은 곳
막은창,막다른 골
막물,제주도 북부에서는 음력 매달 일과 22일. 남부에서는 6일과 21일의 조수인데. 북부에서는 ‘열서물’. 남부에서는 ‘아끈조기’ 라고도 함
마누,여름철 남쪽 바다에서 밀려오는 물결
드르,#NAME?
두둑,둑. 밭두둑
동산질,고개티. 고갯길
동산,고개
돈지,군대가 주둔하는 곳 (屯地)
도량,#NAME?
덕,바닷가의 큰 바위
따,땅
노리,나루(津)
느릇,내리받이
누팔,⇒누
누,#NAME?
냇골챙이,⇒고랑챙이
냇고비,물고비
냇고랑치,⇒고랑챙이
기정,⇒그정
그정,#NAME?
궤,바위굴(岩窟)
굼부리,#NAME?
굴헹이,⇒굴헝
굴헝지,⇒굴헝
굴헝,#NAME?
구명,비가 많이 내릴 때 에만 솟는 샘
곶질,숲길
골챙이,⇒고랑챙이
골째기,골짜기
고랑치,⇒고랑챙이
고랑챙이,#NAME?
고단,고장. 곳
거림질,갈림길
갯머리,⇒개맡
개창,갯바닥
개맡,갯-머리. 포구(浦口). 부두(埠頭)
우카름,웃-가름 위쪽 동네
알가름,아래쪽 동네
섯가름,서쪽 동네
동카름,동쪽 동네
가름,마을안의 구분된 거리
가닥섬,멀리 떨어진 외로운섬
헷머리,⇒헷갓
헷갓,헷-머리. 햇무리
헤돋이,해돋이
헤,해(太陽)
험벅눈,함박눈
항고지,⇒상고지
하놀,하늘
펀개,#NAME?
진벵이,진눈
줌벙이,가랑비
빗주제,갑자기 내리는 비
도지주제,갑자기 이는 초 겨울 산바람
눈주제,갑자기 내리는 눈
주제,비. 눈. 바람 따위가 갑자기 내리거나 이는것
조금사리,조금 날 흔히 오는 비
으네,⇒으남
으남,#NAME?
언비,찬비
양도새,바람 방향이 바꾸어질 무렵 양쪽에서 오는 바람
쐬내기주제,⇒쐬내기
쐬내기,#NAME?
서물사리,서물 날. 흔희 오는 비
새하늬,동북쪽에서 오는 바람(東北風)
새벨,샛별
빗주제,갑작비
빗살,빗방울
빌,⇒벨
벳,볕
벨,#NAME?
베락,벼락
버렁,볕이 쬐고 바람이 부는것
미릿내,은하(銀河)
무눈,눈비
뫼오리,⇒도껭이
돌머리,⇒돌갓
돌님,다님
동곳,고드름
돌껭이,⇒도껭이
도지주제,갑자기 이는 초겨울 산바람
도지,초겨울의 산바람
도꾕이,⇒도껭이
도껭이,#NAME?
눈방울,눈송이
놉하늬,북북동쪽에서 오는 바람(北北東風)
놀,⇒노대
노을,⇒노대
노대,#NAME?
건들마,여름 장마철 남쪽에서 강약을 달리하면서 잇달아 오는 바람
강쳉이,갑자기 이는 폭풍
